valeur,date,open,high,low,close,volume
ACCOR,2026-07-31,45.9,46.16,44.86,44.9,789716
ACCOR,2026-08-03,45.5,46.61,45.5,45.96,795551
ACCOR,2026-08-04,46.0,46.54,45.43,46.54,702775
ACCOR,2026-08-05,46.6,47.41,46.6,47.33,663032
ACCOR,2026-08-06,47.4,48.07,47.22,47.22,831601
ACCOR,2026-08-07,47.21,47.38,46.75,46.8,653720
ACCOR,2026-08-10,46.85,47.23,46.22,46.22,541851
ACCOR,2026-08-11,46.08,46.82,45.65,46.44,628875
ACCOR,2026-08-12,46.57,46.82,46.17,46.34,658117
ACCOR,2026-08-13,46.74,47.06,46.53,46.56,534211
ACCOR,2026-08-14,46.6,47.03,46.41,46.66,558485
ACCOR,2026-08-17,46.6,46.77,46.0,46.07,601995
ACCOR,2026-08-18,46.0,46.49,45.65,45.65,633286
ACCOR,2026-08-19,45.51,45.86,45.37,45.58,656945
ACCOR,2026-08-20,45.59,45.84,45.43,45.59,451566
ACCOR,2026-08-21,45.63,45.95,45.53,45.53,636599
ACCOR,2026-08-24,45.6,46.29,45.45,46.18,473502
ACCOR,2026-08-25,46.55,47.07,46.31,46.66,450816
ACCOR,2026-08-26,46.77,48.03,46.77,47.47,548034
ACCOR,2026-08-27,47.4,47.44,46.48,46.65,617825
ACCOR,2026-08-28,46.88,46.9,46.58,46.73,627327
ACCOR,2026-08-31,46.53,46.8,46.28,46.52,899031
ACCOR,2026-09-01,46.55,46.55,45.4,45.72,625609
ACCOR,2026-09-02,45.61,46.86,45.61,46.46,1425477
ACCOR,2026-09-03,46.32,46.67,45.58,45.77,825541
ACCOR,2026-09-04,47.16,47.21,46.52,46.9,631427
ACCOR,2026-09-07,46.66,47.21,46.62,46.65,476220
ACCOR,2026-09-08,46.56,47.39,46.31,47.0,692747
ACCOR,2026-09-09,46.62,46.66,45.88,46.31,666564
ACCOR,2026-09-10,46.44,46.77,45.74,45.8,553547
AIRBUS,2026-07-13,195.58,196.66,193.94,195.28,648382
AIRBUS,2026-07-14,193.4,195.94,191.62,195.94,700561
AIRBUS,2026-07-15,193.52,196.7,192.52,195.38,886781
AIRBUS,2026-07-16,196.28,196.48,193.94,195.62,744940
AIRBUS,2026-07-17,193.2,194.62,191.84,194.32,976991
AIRBUS,2026-07-20,192.88,194.24,191.34,191.78,817166
AIRBUS,2026-07-21,191,196.4,190.9,194.6,870715
AIRBUS,2026-07-22,202.5,209.05,202.5,208.3,2342279
AIRBUS,2026-07-23,206.85,208.75,202.8,204.5,1203472
AIRBUS,2026-07-24,203.85,206.05,202.6,206.05,920671
AIRBUS,2026-07-27,209.35,211.95,208.4,208.9,1158225
AIRBUS,2026-07-28,210.6,213.35,209.35,212,1277149
AIRBUS,2026-07-29,211.45,211.9,208.4,209.9,853081
AIRBUS,2026-07-30,206.55,207.9,203.05,204,1508027
AIRBUS,2026-07-31,205.4,208.65,201.65,202.2,1470403
AIRBUS,2026-08-03,206.35,209.85,206.3,208,1121553
AIRBUS,2026-08-04,210.7,214.1,209.25,214.1,1371879
AIRBUS,2026-08-05,215,216.4,214.25,214.95,883678
AIRBUS,2026-08-06,215.4,217.05,212.45,212.45,822706
AIRBUS,2026-08-07,213.5,216.2,212.85,213.6,694849
AIRBUS,2026-08-10,212.1,214.95,212,214.65,429892
AIRBUS,2026-08-11,214.1,214.3,210.9,212.5,628949
AIRBUS,2026-08-12,212.3,214.9,211.75,213.65,766729
AIRBUS,2026-08-13,214.65,215.95,212.9,212.9,617161
AIRBUS,2026-08-14,212.95,216.55,212.95,215.4,589374
AIRBUS,2026-08-17,215.75,216.35,213.85,214.25,567135
AIRBUS,2026-08-18,213.5,214.3,209.25,209.8,771894
AIRBUS,2026-08-19,210.4,211.75,208.05,208.05,600124
AIRBUS,2026-08-20,207.5,208.35,204.8,204.8,548650
AIRBUS,2026-08-21,204.35,204.55,202.85,203.7,767813
AIRBUS,2026-08-24,203,205.05,202.1,202.7,513347
AIRBUS,2026-08-25,204.55,207.65,204.5,204.55,833198
AIRBUS,2026-08-26,205.05,209.55,204.85,205.85,816992
AIRBUS,2026-08-27,206.2,206.85,202.4,203.4,781659
AIRBUS,2026-08-28,204.5,205.2,202.2,203.05,754873
AIRBUS,2026-08-31,202.75,203.1,197.24,197.24,1312370
AIRBUS,2026-09-01,195.86,197.36,194.22,196.18,812660
AIRBUS,2026-09-02,195.26,198.36,193.7,196.9,740124
AIRBUS,2026-09-03,195.82,197.86,193.18,197,804461
AIRBUS,2026-09-04,196.48,202.15,196.48,198.96,686153
AIRBUS,2026-09-07,198.6,199.48,197.32,198.66,532628
AIRBUS,2026-09-08,197.4,200.7,195.7,200.7,495626
AIRBUS,2026-09-09,197.32,198.22,194.56,196.34,959150
AIRBUS,2026-09-10,196.7,198.72,195.16,195.78,775400
AIR_LIQUIDE,2026-07-31,170.92,173.14,170.36,170.72,1441279
AIR_LIQUIDE,2026-08-03,170.54,171.56,169.24,170.32,965815
AIR_LIQUIDE,2026-08-04,170.62,172.06,170.42,172.06,726416
AIR_LIQUIDE,2026-08-05,172.7,174.22,172.32,173.58,732260
AIR_LIQUIDE,2026-08-06,174.9,175.06,172.06,173.22,570512
AIR_LIQUIDE,2026-08-07,173.7,174.21,172.38,172.38,606001
AIR_LIQUIDE,2026-08-10,172.8,172.94,171.06,171.44,525025
AIR_LIQUIDE,2026-08-11,171.16,172.2,170.16,171.68,513100
AIR_LIQUIDE,2026-08-12,171.32,171.66,170.12,170.34,492356
AIR_LIQUIDE,2026-08-13,170.0,170.08,168.92,169.14,507443
AIR_LIQUIDE,2026-08-14,169.0,169.16,167.6,168.26,469614
AIR_LIQUIDE,2026-08-17,167.82,169.24,166.52,166.82,549724
AIR_LIQUIDE,2026-08-18,166.7,167.46,166.4,167.04,770128
AIR_LIQUIDE,2026-08-19,167.46,168.26,166.44,166.78,600383
AIR_LIQUIDE,2026-08-20,166.6,168.1,165.36,167.38,685115
AIR_LIQUIDE,2026-08-21,167.22,168.04,166.08,167.12,569280
AIR_LIQUIDE,2026-08-24,166.9,168.98,166.66,167.7,531766
AIR_LIQUIDE,2026-08-25,168.02,169.24,167.78,167.78,459284
AIR_LIQUIDE,2026-08-26,168.12,169.56,167.96,168.72,450185
AIR_LIQUIDE,2026-08-27,168.64,168.8,166.08,166.78,587164
AIR_LIQUIDE,2026-08-28,168.04,170.66,167.92,169.8,680408
AIR_LIQUIDE,2026-08-31,170.56,171.48,169.54,169.54,1567328
AIR_LIQUIDE,2026-09-01,174.0,176.64,172.34,173.18,1194002
AIR_LIQUIDE,2026-09-02,173.62,174.62,171.72,172.48,668441
AIR_LIQUIDE,2026-09-03,172.5,173.62,172.08,172.76,911931
AIR_LIQUIDE,2026-09-04,171.02,171.5,169.22,170.44,624292
AIR_LIQUIDE,2026-09-07,169.62,170.76,168.8,170.76,445327
AIR_LIQUIDE,2026-09-08,169.84,174.22,169.58,173.16,694465
AIR_LIQUIDE,2026-09-09,172.4,172.74,168.32,168.32,1093997
AIR_LIQUIDE,2026-09-10,168.68,169.18,166.78,166.78,595566
ARCELORMITTAL,2026-07-31,60.12,61.38,58.92,60.74,2554843
ARCELORMITTAL,2026-08-03,61.5,62.96,60.52,61.82,1637021
ARCELORMITTAL,2026-08-04,62.74,64.96,62.4,64.44,1757060
ARCELORMITTAL,2026-08-05,65.02,65.24,63.76,64.6,1946892
ARCELORMITTAL,2026-08-06,64.78,64.86,63.76,63.86,1730948
ARCELORMITTAL,2026-08-07,63.34,64.46,62.46,62.98,1557330
ARCELORMITTAL,2026-08-10,63.14,64.22,62.72,64.22,1276792
ARCELORMITTAL,2026-08-11,64.44,65.16,64.06,64.18,1123440
ARCELORMITTAL,2026-08-12,64.52,65.16,64.02,64.18,1231015
ARCELORMITTAL,2026-08-13,64.16,64.52,63.66,63.66,1049618
ARCELORMITTAL,2026-08-14,63.56,64.44,62.44,63.74,981756
ARCELORMITTAL,2026-08-17,64.2,64.6,62.14,63.32,1165600
ARCELORMITTAL,2026-08-18,63.08,64.24,61.46,61.74,1353176
ARCELORMITTAL,2026-08-19,62.56,63.32,61.82,62.24,1172547
ARCELORMITTAL,2026-08-20,63.86,64.16,59.34,61.16,2008627
ARCELORMITTAL,2026-08-21,61.38,63.4,61.2,62.58,1442282
ARCELORMITTAL,2026-08-24,61.26,63.4,61.12,62.8,1225532
ARCELORMITTAL,2026-08-25,62.54,63.34,62.3,62.56,1129468
ARCELORMITTAL,2026-08-26,63.24,65.22,63.2,64.56,1808205
ARCELORMITTAL,2026-08-27,64.6,64.7,63.66,63.9,1153897
ARCELORMITTAL,2026-08-28,64.12,64.88,64.12,64.6,1297530
ARCELORMITTAL,2026-08-31,64.56,65.4,63.94,64.1,1767333
ARCELORMITTAL,2026-09-01,64.5,65.24,62.44,63.74,1243867
ARCELORMITTAL,2026-09-02,63.1,64.86,62.04,64.26,1164526
ARCELORMITTAL,2026-09-03,64.6,66.04,64.54,65.66,1774506
ARCELORMITTAL,2026-09-04,65.52,68.42,65.28,67.24,2378796
ARCELORMITTAL,2026-09-07,67.58,68.2,67.0,67.54,1000827
ARCELORMITTAL,2026-09-08,67.52,68.56,66.38,66.88,1593393
ARCELORMITTAL,2026-09-09,66.5,67.36,65.44,66.42,1399997
AXA,2026-07-31,44.65,45.42,44.25,44.94,4142550
AXA,2026-08-03,44.92,45.0,44.43,44.63,3101670
AXA,2026-08-04,44.68,44.91,44.52,44.63,2481073
AXA,2026-08-05,44.61,44.93,44.36,44.67,1930486
AXA,2026-08-06,44.87,45.35,44.81,45.05,2041891
AXA,2026-08-07,45.0,45.63,44.88,45.05,2215496
AXA,2026-08-10,44.93,45.05,44.55,44.91,1696638
AXA,2026-08-11,44.78,44.94,44.56,44.83,1641788
AXA,2026-08-12,44.81,44.93,44.54,44.73,1627532
AXA,2026-08-13,44.85,45.03,44.64,44.64,1443753
AXA,2026-08-14,44.64,45.05,44.57,45.05,1506097
AXA,2026-08-17,44.81,44.95,44.61,44.61,1284995
AXA,2026-08-18,44.7,44.82,44.26,44.55,2426164
AXA,2026-08-19,44.5,44.67,43.98,43.98,2447157
AXA,2026-08-20,43.88,43.9,43.23,43.53,2110085
AXA,2026-08-21,43.64,43.82,43.49,43.72,1813638
AXA,2026-08-24,43.73,44.15,43.715,44.11,1609301
AXA,2026-08-25,44.3,44.39,43.66,43.68,2367176
AXA,2026-08-26,43.81,44.0,43.58,43.71,1903124
AXA,2026-08-27,44.17,44.25,42.43,42.92,5183934
AXA,2026-08-28,43.3,43.77,43.24,43.61,3139678
AXA,2026-08-31,43.56,43.75,43.03,43.1,4797191
AXA,2026-09-01,43.4,43.9,43.11,43.71,2745703
AXA,2026-09-02,43.65,43.83,43.16,43.31,2101516
AXA,2026-09-03,43.49,44.24,43.45,44.21,2416079
AXA,2026-09-04,44.23,44.64,44.06,44.64,3003923
AXA,2026-09-07,44.29,44.4,43.82,44.16,2036822
AXA,2026-09-08,44.0,44.06,43.29,43.66,2280858
AXA,2026-09-09,43.22,43.54,42.74,42.94,3165376
AXA,2026-09-10,43.2,43.33,42.96,42.97,2249163
BNP_PARIBAS,2026-07-31,109.16,110.24,108.16,109.66,2084710
BNP_PARIBAS,2026-08-03,110.68,111.78,110.56,111.78,1726832
BNP_PARIBAS,2026-08-04,112.0,112.38,110.98,111.88,1364483
BNP_PARIBAS,2026-08-05,112.0,112.26,110.96,112.12,1306312
BNP_PARIBAS,2026-08-06,112.82,113.62,112.44,112.6,1577731
BNP_PARIBAS,2026-08-07,112.5,113.04,111.59,112.44,1324287
BNP_PARIBAS,2026-08-10,112.18,112.8,111.3,112.8,1232554
BNP_PARIBAS,2026-08-11,112.76,112.86,111.0,111.72,1548468
BNP_PARIBAS,2026-08-12,112.04,112.24,111.26,112.0,1278669
BNP_PARIBAS,2026-08-13,112.84,113.82,112.14,112.4,1275412
BNP_PARIBAS,2026-08-14,112.6,112.62,111.16,112.1,893373
BNP_PARIBAS,2026-08-17,112.02,112.12,111.1,111.14,819184
BNP_PARIBAS,2026-08-18,111.0,111.12,109.1,109.4,1535601
BNP_PARIBAS,2026-08-19,109.32,109.6,106.78,106.78,1881786
BNP_PARIBAS,2026-08-20,107.0,107.08,105.4,105.96,1478843
BNP_PARIBAS,2026-08-21,106.68,107.64,106.24,107.5,1382553
BNP_PARIBAS,2026-08-24,107.32,107.6,106.14,106.8,1493718
BNP_PARIBAS,2026-08-25,107.24,107.62,104.02,104.44,1866343
BNP_PARIBAS,2026-08-26,105.5,106.42,105.0,105.72,1280037
BNP_PARIBAS,2026-08-27,105.84,106.08,99.93,100.66,3464946
BNP_PARIBAS,2026-08-28,102.0,102.68,100.98,102.56,2227916
BNP_PARIBAS,2026-08-31,102.62,103.8,102.48,102.78,3448322
BNP_PARIBAS,2026-09-01,103.46,103.64,101.52,102.6,2120583
BNP_PARIBAS,2026-09-02,102.42,103.7,101.88,103.1,1657634
BNP_PARIBAS,2026-09-03,103.44,104.28,102.96,104.14,1271865
BNP_PARIBAS,2026-09-04,103.8,104.8,103.16,104.54,1547481
BNP_PARIBAS,2026-09-07,104.6,104.68,103.68,104.54,1095298
BNP_PARIBAS,2026-09-08,103.92,104.12,102.48,103.88,1179960
BNP_PARIBAS,2026-09-09,102.34,102.92,100.88,102.76,2433818
BNP_PARIBAS,2026-09-10,103.22,103.8,102.06,102.64,1596559
BOUYGUES,2026-07-13,46.4,46.89,46.31,46.84,489179
BOUYGUES,2026-07-14,46.61,47.36,46.4,47.29,682409
BOUYGUES,2026-07-15,47.2,48.26,46.97,48.26,1139311
BOUYGUES,2026-07-16,48.28,48.38,47.66,47.7,786145
BOUYGUES,2026-07-17,47.7,48.19,47.46,47.78,582595
BOUYGUES,2026-07-20,47.62,48.4,47.51,48.04,483165
BOUYGUES,2026-07-21,48,48.13,47.65,47.75,383549
BOUYGUES,2026-07-22,47.9,48.32,47.75,48.3,555746
BOUYGUES,2026-07-23,48.29,48.53,47.54,47.83,561987
BOUYGUES,2026-07-24,47.69,47.98,47.33,47.54,431325
BOUYGUES,2026-07-27,47.92,48.17,46.95,46.95,657067
BOUYGUES,2026-07-28,47.24,47.56,46.34,46.53,718096
BOUYGUES,2026-07-29,46.52,46.81,46,46.16,611399
BOUYGUES,2026-07-30,46.86,49.77,46.86,49.45,1189069
BOUYGUES,2026-07-31,49.27,49.27,48.32,48.76,993443
BOUYGUES,2026-08-03,49.4,50.2,48.99,49.28,602700
BOUYGUES,2026-08-04,49.56,49.65,49.16,49.35,406490
BOUYGUES,2026-08-05,49.4,49.52,48.41,48.81,576401
BOUYGUES,2026-08-06,48.96,49.31,48.82,49.19,431226
BOUYGUES,2026-08-07,49.04,49.07,48.56,48.64,367241
BOUYGUES,2026-08-10,48.7,48.7,48.05,48.23,383906
BOUYGUES,2026-08-11,48.22,48.41,47.31,47.4,541573
BOUYGUES,2026-08-12,47.71,48.01,47.52,47.65,464642
BOUYGUES,2026-08-13,47.7,47.8,47.32,47.58,585543
BOUYGUES,2026-08-14,47.52,47.81,47.18,47.65,483321
BOUYGUES,2026-08-17,47.72,47.81,47.2,47.45,453451
BOUYGUES,2026-08-18,47.4,47.63,46.64,46.65,591124
BOUYGUES,2026-08-19,46.83,47.09,46.58,46.7,384503
BOUYGUES,2026-08-20,46.8,46.96,46.07,46.38,369196
BOUYGUES,2026-08-21,46.56,46.9,46.16,46.19,470152
BOUYGUES,2026-08-24,46.1,46.58,45.82,45.87,556259
BOUYGUES,2026-08-25,46,46.4,45.98,46.19,509679
BOUYGUES,2026-08-26,46.24,46.42,45.64,45.67,587479
BOUYGUES,2026-08-27,45.7,45.74,43.39,43.99,1030027
BOUYGUES,2026-08-28,44.3,44.55,43.79,44.08,740065
BOUYGUES,2026-08-31,44.1,44.53,43.84,44.22,1225798
BOUYGUES,2026-09-01,44.31,44.6,44.08,44.38,751328
BOUYGUES,2026-09-02,44.38,44.57,43.61,43.85,977293
BOUYGUES,2026-09-03,43.9,44.46,43.66,44.21,989963
BOUYGUES,2026-09-04,44.1,44.58,43.79,44.51,638297
BOUYGUES,2026-09-07,44.34,44.9,44.34,44.9,455416
BOUYGUES,2026-09-08,44.84,45.23,44.82,45.1,609643
BOUYGUES,2026-09-09,45.0,45.16,44.04,44.15,844545
BOUYGUES,2026-09-10,44.0,44.335,43.71,43.85,593236
BUREAU_VERITAS,2026-07-13,27.28,27.55,27.09,27.44,852672
BUREAU_VERITAS,2026-07-14,27.29,27.38,26.94,27.19,809275
BUREAU_VERITAS,2026-07-15,27.16,27.39,26.99,27.29,449321
BUREAU_VERITAS,2026-07-16,27.24,27.37,26.93,27.37,628342
BUREAU_VERITAS,2026-07-17,27.32,27.64,27.31,27.4,621092
BUREAU_VERITAS,2026-07-20,27.4,27.58,27.28,27.48,787361
BUREAU_VERITAS,2026-07-21,27.42,27.43,26.89,27.06,795708
BUREAU_VERITAS,2026-07-22,27,27.49,26.97,27.22,897339
BUREAU_VERITAS,2026-07-23,27.24,27.3,26.95,27.03,917111
BUREAU_VERITAS,2026-07-24,26.91,27.13,26.49,26.98,1150025
BUREAU_VERITAS,2026-07-27,27.28,27.36,27.07,27.07,977663
BUREAU_VERITAS,2026-07-28,27.04,27.75,27.04,27.32,1504743
BUREAU_VERITAS,2026-07-29,29.24,30.18,29,29.27,2653507
BUREAU_VERITAS,2026-07-30,29.15,29.15,27.84,27.91,1887086
BUREAU_VERITAS,2026-07-31,27.89,28.3,27.66,27.66,1401038
BUREAU_VERITAS,2026-08-03,27.88,28.48,27.84,28.25,1207786
BUREAU_VERITAS,2026-08-04,28.16,28.63,28.14,28.63,930247
BUREAU_VERITAS,2026-08-05,28.57,28.99,28.44,28.44,907676
BUREAU_VERITAS,2026-08-06,28.6,28.63,28.38,28.44,810229
BUREAU_VERITAS,2026-08-07,28.39,28.56,28.31,28.36,783015
BUREAU_VERITAS,2026-08-10,28.36,28.48,28.25,28.4,697514
BUREAU_VERITAS,2026-08-11,28.33,28.39,28.12,28.13,690124
BUREAU_VERITAS,2026-08-12,28.14,28.15,27.66,27.74,813569
BUREAU_VERITAS,2026-08-13,27.75,27.88,27.36,27.36,903647
BUREAU_VERITAS,2026-08-14,27.57,27.85,27.43,27.57,656077
BUREAU_VERITAS,2026-08-17,27.54,27.71,27.48,27.63,637509
BUREAU_VERITAS,2026-08-18,27.61,27.66,27.36,27.42,563741
BUREAU_VERITAS,2026-08-19,27.38,27.58,27.32,27.44,757959
BUREAU_VERITAS,2026-08-20,27.52,27.56,27.34,27.42,549032
BUREAU_VERITAS,2026-08-21,27.44,27.6,27.36,27.55,1408744
BUREAU_VERITAS,2026-08-24,27.62,27.89,27.53,27.84,576415
BUREAU_VERITAS,2026-08-25,27.85,28.1,27.77,27.78,535557
BUREAU_VERITAS,2026-08-26,27.76,28,27.65,27.71,449705
BUREAU_VERITAS,2026-08-27,27.66,27.72,27.26,27.38,786169
BUREAU_VERITAS,2026-08-28,27.38,27.48,27.28,27.39,785463
BUREAU_VERITAS,2026-08-31,27.31,27.42,27.23,27.28,960855
BUREAU_VERITAS,2026-09-01,27.2,27.46,27.17,27.19,695527
BUREAU_VERITAS,2026-09-02,27.15,27.38,26.95,27.27,908318
BUREAU_VERITAS,2026-09-03,27.27,27.46,27.11,27.25,656675
BUREAU_VERITAS,2026-09-04,27.36,27.37,27.09,27.2,633713
BUREAU_VERITAS,2026-09-07,27.09,27.12,26.88,27.05,374288
BUREAU_VERITAS,2026-09-08,27.05,27.64,27.04,27.64,498578
BUREAU_VERITAS,2026-09-09,27.48,27.9,27.43,27.68,1013277
BUREAU_VERITAS,2026-09-10,27.68,27.9,27.62,27.87,872323
CAPGEMINI,2026-07-31,101.75,105.35,100.25,102.5,764222
CAPGEMINI,2026-08-03,103.9,109.8,103.9,107.2,943390
CAPGEMINI,2026-08-04,106.45,108.0,105.95,107.4,547432
CAPGEMINI,2026-08-05,107.8,110.25,106.6,109.0,729316
CAPGEMINI,2026-08-06,109.4,109.75,106.4,109.25,749740
CAPGEMINI,2026-08-07,108.9,111.85,108.65,109.25,498919
CAPGEMINI,2026-08-10,110.0,110.25,106.65,108.0,420051
CAPGEMINI,2026-08-11,108.0,110.65,106.65,109.5,268762
CAPGEMINI,2026-08-12,108.6,108.75,105.35,105.65,370850
CAPGEMINI,2026-08-13,106.2,107.65,105.75,106.0,354662
CAPGEMINI,2026-08-14,107.9,110.1,107.3,108.3,473996
CAPGEMINI,2026-08-17,107.8,107.95,105.8,106.15,262328
CAPGEMINI,2026-08-18,106.05,108.5,104.65,107.3,346782
CAPGEMINI,2026-08-19,107.3,110.35,106.05,110.35,387873
CAPGEMINI,2026-08-20,110.55,111.05,107.9,109.55,366816
CAPGEMINI,2026-08-21,109.25,111.65,107.15,111.15,398417
CAPGEMINI,2026-08-24,111.0,111.65,110.0,111.4,285417
CAPGEMINI,2026-08-25,111.0,111.4,107.2,109.4,276316
CAPGEMINI,2026-08-26,108.3,108.4,105.8,106.5,441282
CAPGEMINI,2026-08-27,107.7,110.1,106.45,109.5,392415
CAPGEMINI,2026-08-28,110.35,110.5,107.55,109.45,351399
CAPGEMINI,2026-08-31,109.3,109.95,107.25,107.25,1222611
CAPGEMINI,2026-09-01,106.85,107.8,105.35,106.6,530245
CAPGEMINI,2026-09-02,105.65,106.7,104.05,105.1,276961
CAPGEMINI,2026-09-03,105.5,110.1,105.35,110.0,374306
CAPGEMINI,2026-09-04,110.4,110.55,106.4,106.4,611353
CAPGEMINI,2026-09-07,105.95,106.05,103.75,105.1,289431
CAPGEMINI,2026-09-08,104.9,106.1,103.85,105.55,594107
CAPGEMINI,2026-09-09,104.75,105.3,100.35,101.15,713033
CAPGEMINI,2026-09-10,100.7,102.0,100.35,101.5,323790
CARREFOUR,2026-07-31,15.945,16.035,15.81,15.935,2612933
CARREFOUR,2026-08-03,15.88,15.96,15.8,15.86,1928833
CARREFOUR,2026-08-04,15.78,15.82,15.65,15.735,1976847
CARREFOUR,2026-08-05,15.875,16.12,15.84,15.895,1920115
CARREFOUR,2026-08-06,16.025,16.03,15.81,15.925,1959238
CARREFOUR,2026-08-07,16.0,16.0,15.745,15.77,1748065
CARREFOUR,2026-08-10,15.8,15.8,15.625,15.71,1411759
CARREFOUR,2026-08-11,15.67,15.745,15.595,15.685,1371528
CARREFOUR,2026-08-12,15.7,15.78,15.625,15.755,1503977
CARREFOUR,2026-08-13,15.78,15.855,15.715,15.725,1464035
CARREFOUR,2026-08-14,15.76,15.815,15.63,15.8,693611
CARREFOUR,2026-08-17,15.8,15.8,15.65,15.66,1149664
CARREFOUR,2026-08-18,15.76,15.9,15.705,15.895,1617495
CARREFOUR,2026-08-19,15.92,15.935,15.745,15.77,1184590
CARREFOUR,2026-08-20,15.665,15.79,15.65,15.73,1176301
CARREFOUR,2026-08-21,15.79,15.89,15.76,15.87,1938644
CARREFOUR,2026-08-24,15.88,16.06,15.85,16.06,1488950
CARREFOUR,2026-08-25,16.095,16.095,15.895,15.895,1057853
CARREFOUR,2026-08-26,15.925,15.98,15.705,15.945,1424151
CARREFOUR,2026-08-27,15.9,15.9,15.53,15.595,2545941
CARREFOUR,2026-08-28,15.68,15.755,15.52,15.63,1603995
CARREFOUR,2026-08-31,15.685,15.71,15.605,15.675,2122812
CARREFOUR,2026-09-01,15.68,16.035,15.6675,16.0,1977700
CARREFOUR,2026-09-02,16.055,16.265,15.98,16.195,1974086
CARREFOUR,2026-09-03,16.27,16.395,16.125,16.33,1407688
CARREFOUR,2026-09-04,16.34,16.47,16.24,16.405,1723457
CARREFOUR,2026-09-07,16.365,16.4,16.25,16.27,1250096
CARREFOUR,2026-09-08,16.305,16.695,16.305,16.655,1765935
CARREFOUR,2026-09-09,16.575,16.625,16.36,16.415,1754971
CARREFOUR,2026-09-10,16.375,16.555,16.34,16.515,1680110
CREDIT_AGRICOLE_SA,2026-07-31,19.445,19.785,19.15,19.275,8064708
CREDIT_AGRICOLE_SA,2026-08-03,19.34,19.52,19.34,19.445,5020020
CREDIT_AGRICOLE_SA,2026-08-04,19.5,19.565,19.295,19.375,4405707
CREDIT_AGRICOLE_SA,2026-08-05,19.345,19.36,19.13,19.355,2955466
CREDIT_AGRICOLE_SA,2026-08-06,19.405,19.635,19.4,19.46,3576941
CREDIT_AGRICOLE_SA,2026-08-07,19.5,19.65,19.335,19.605,2592650
CREDIT_AGRICOLE_SA,2026-08-10,19.635,19.93,19.525,19.93,5452541
CREDIT_AGRICOLE_SA,2026-08-11,19.89,20.115,19.88,20.02,5998382
CREDIT_AGRICOLE_SA,2026-08-12,20.04,20.17,19.96,20.17,4982559
CREDIT_AGRICOLE_SA,2026-08-13,20.27,20.4,20.1,20.1,3841815
CREDIT_AGRICOLE_SA,2026-08-14,20.13,20.23,20.03,20.2,2887010
CREDIT_AGRICOLE_SA,2026-08-17,20.2,20.23,20.07,20.07,2931409
CREDIT_AGRICOLE_SA,2026-08-18,20.07,20.13,19.675,19.675,3813958
CREDIT_AGRICOLE_SA,2026-08-19,19.65,19.675,19.135,19.165,5878135
CREDIT_AGRICOLE_SA,2026-08-20,19.225,19.24,19.05,19.1,3289034
CREDIT_AGRICOLE_SA,2026-08-21,19.145,19.21,19.045,19.07,3223849
CREDIT_AGRICOLE_SA,2026-08-24,19.07,19.125,19.03,19.085,2802635
CREDIT_AGRICOLE_SA,2026-08-25,19.145,19.215,18.965,19.005,4485926
CREDIT_AGRICOLE_SA,2026-08-26,19.125,19.185,19.01,19.01,2789796
CREDIT_AGRICOLE_SA,2026-08-27,19.025,19.045,18.18,18.255,10043024
CREDIT_AGRICOLE_SA,2026-08-28,18.47,18.535,18.305,18.44,4190061
CREDIT_AGRICOLE_SA,2026-08-31,18.49,18.62,18.46,18.515,3822581
CREDIT_AGRICOLE_SA,2026-09-01,18.59,18.615,18.38,18.58,4264900
CREDIT_AGRICOLE_SA,2026-09-02,18.575,18.7,18.43,18.585,3711417
CREDIT_AGRICOLE_SA,2026-09-03,18.64,18.98,18.59,18.845,3890474
CREDIT_AGRICOLE_SA,2026-09-04,18.875,18.905,18.73,18.805,3322378
CREDIT_AGRICOLE_SA,2026-09-07,18.795,18.94,18.755,18.865,2884185
CREDIT_AGRICOLE_SA,2026-09-08,18.8,18.855,18.575,18.675,3433623
CREDIT_AGRICOLE_SA,2026-09-09,18.51,18.565,18.28,18.49,3938210
CREDIT_AGRICOLE_SA,2026-09-10,18.575,18.65,18.465,18.54,3090244
DANONE,2026-07-31,67.34,67.96,66.82,67.52,1637850
DANONE,2026-08-03,67.28,68.08,67.14,67.8,1326713
DANONE,2026-08-04,67.24,68.72,67.2,68.02,1557391
DANONE,2026-08-05,67.76,68.98,67.5,68.0,1258333
DANONE,2026-08-06,68.88,69.06,68.1,68.16,1004855
DANONE,2026-08-07,68.1,68.56,67.88,68.22,1022001
DANONE,2026-08-10,68.1,68.22,67.54,68.0,886581
DANONE,2026-08-11,67.86,68.1,67.2,67.3,953284
DANONE,2026-08-12,67.14,67.34,66.74,67.02,1065438
DANONE,2026-08-13,67.22,68.4,67.06,67.98,1037343
DANONE,2026-08-14,67.8,68.02,66.8,67.24,806390
DANONE,2026-08-17,66.82,66.86,64.84,65.24,1171816
DANONE,2026-08-18,65.38,65.72,65.14,65.48,1144191
DANONE,2026-08-19,65.5,66.04,65.2,65.68,902570
DANONE,2026-08-20,65.76,66.28,65.46,66.18,782634
DANONE,2026-08-21,66.18,66.42,65.66,66.32,907661
DANONE,2026-08-24,66.42,66.44,65.58,66.14,811168
DANONE,2026-08-25,66.06,66.28,65.44,65.44,926555
DANONE,2026-08-26,65.46,65.72,65.18,65.72,918367
DANONE,2026-08-27,65.5,65.5,64.58,64.7,777474
DANONE,2026-08-28,64.9,65.1,64.14,64.4,1196999
DANONE,2026-08-31,64.44,64.78,64.28,64.28,1515060
DANONE,2026-09-01,64.36,64.84,64.22,64.54,844001
DANONE,2026-09-02,64.54,64.58,63.96,64.26,840373
DANONE,2026-09-03,64.12,64.18,63.48,63.6,1091916
DANONE,2026-09-04,63.66,63.92,63.18,63.72,1119551
DANONE,2026-09-07,63.32,63.66,63.24,63.58,909847
DANONE,2026-09-08,63.78,65.53,63.68,64.92,1455041
DANONE,2026-09-09,64.1,64.48,62.96,62.96,1197212
DANONE,2026-09-10,62.6,62.88,61.72,61.76,1523443
DASSAULT_SYSTEMES,2026-07-31,20.03,20.24,19.695,20.05,3679827
DASSAULT_SYSTEMES,2026-08-03,20.29,21.44,20.29,20.75,2897382
DASSAULT_SYSTEMES,2026-08-04,20.64,21.39,20.53,21.31,1674970
DASSAULT_SYSTEMES,2026-08-05,21.37,21.74,21.2,21.39,1656194
DASSAULT_SYSTEMES,2026-08-06,21.6,21.83,21.35,21.73,1533911
DASSAULT_SYSTEMES,2026-08-07,21.84,22.43,21.83,22.25,1770896
DASSAULT_SYSTEMES,2026-08-10,22.21,22.25,21.85,22.08,1089744
DASSAULT_SYSTEMES,2026-08-11,22.08,22.17,21.78,22.1,1088249
DASSAULT_SYSTEMES,2026-08-12,21.94,21.94,21.31,21.4,1320636
DASSAULT_SYSTEMES,2026-08-13,21.5,21.54,20.81,20.92,1691867
DASSAULT_SYSTEMES,2026-08-14,21.47,21.96,21.43,21.68,1415836
DASSAULT_SYSTEMES,2026-08-17,21.44,21.61,21.36,21.37,1305123
DASSAULT_SYSTEMES,2026-08-18,21.44,22.02,21.44,21.9,2347329
DASSAULT_SYSTEMES,2026-08-19,21.87,22.32,21.72,22.24,1853109
DASSAULT_SYSTEMES,2026-08-20,22.28,22.41,21.87,22.23,1534183
DASSAULT_SYSTEMES,2026-08-21,22.2,22.51,22.04,22.43,1449185
DASSAULT_SYSTEMES,2026-08-24,22.35,22.7,22.24,22.66,1568873
DASSAULT_SYSTEMES,2026-08-25,22.58,22.65,22.12,22.65,1510795
DASSAULT_SYSTEMES,2026-08-26,22.41,22.74,22.19,22.54,1748012
DASSAULT_SYSTEMES,2026-08-27,22.77,23.16,22.58,23.07,1706571
DASSAULT_SYSTEMES,2026-08-28,23.15,23.18,22.9,23.09,1323085
DASSAULT_SYSTEMES,2026-08-31,23.0,23.03,22.69,22.84,2278201
DASSAULT_SYSTEMES,2026-09-01,22.8,23.16,22.25,22.25,1824561
DASSAULT_SYSTEMES,2026-09-02,22.2,22.46,21.93,22.13,1171965
DASSAULT_SYSTEMES,2026-09-03,22.09,22.68,22.05,22.48,1090853
DASSAULT_SYSTEMES,2026-09-04,22.44,22.44,21.01,21.02,2817261
DASSAULT_SYSTEMES,2026-09-07,20.99,20.99,20.36,20.56,1414094
DASSAULT_SYSTEMES,2026-09-08,20.53,20.8,20.28,20.46,1150276
DASSAULT_SYSTEMES,2026-09-09,20.36,20.77,20.17,20.17,1689571
DASSAULT_SYSTEMES,2026-09-10,20.13,20.38,19.895,20.38,1856834
EIFFAGE,2026-07-13,120.6,121.4,119.9,120.55,125723
EIFFAGE,2026-07-14,118.75,121.25,118.3,121.1,137013
EIFFAGE,2026-07-15,120.8,122.6,120.25,122.05,120108
EIFFAGE,2026-07-16,122.35,122.65,120.95,122.3,157059
EIFFAGE,2026-07-17,122.1,122.85,119.25,121.35,204956
EIFFAGE,2026-07-20,120.95,123.05,120.5,122.1,164472
EIFFAGE,2026-07-21,121.8,123.05,121.6,122.7,141189
EIFFAGE,2026-07-22,122.7,123.7,122.25,122.75,163860
EIFFAGE,2026-07-23,122.85,122.95,120.85,121.7,230881
EIFFAGE,2026-07-24,121.8,122.65,121.45,122,134020
EIFFAGE,2026-07-27,123.1,124,121.1,121.25,111490
EIFFAGE,2026-07-28,121.9,123.25,121.3,121.7,116702
EIFFAGE,2026-07-29,121.25,121.8,119,119.1,255972
EIFFAGE,2026-07-30,120.3,124.6,120,123.5,238352
EIFFAGE,2026-07-31,123.4,123.95,122.55,123.25,179982
EIFFAGE,2026-08-03,124.3,126,123.85,124.95,179258
EIFFAGE,2026-08-04,125.65,126.2,124.5,125.6,118820
EIFFAGE,2026-08-05,125.85,126.3,124.5,124.6,140547
EIFFAGE,2026-08-06,125.1,125.8,124.25,125.25,167060
EIFFAGE,2026-08-07,124.85,124.95,123.2,123.55,222872
EIFFAGE,2026-08-10,123.8,124.05,122.4,122.45,126772
EIFFAGE,2026-08-11,122.35,122.9,121.45,121.5,87559
EIFFAGE,2026-08-12,122.6,123.25,121.8,122.1,195185
EIFFAGE,2026-08-13,122,122.15,120.6,121.25,203015
EIFFAGE,2026-08-14,121.25,121.35,120.2,120.8,116997
EIFFAGE,2026-08-17,120.8,120.95,119.45,119.9,131162
EIFFAGE,2026-08-18,119.95,120.15,118.6,118.7,153373
EIFFAGE,2026-08-19,119,120.35,119,119.2,207974
EIFFAGE,2026-08-20,119.6,120.35,117.6,117.65,265310
EIFFAGE,2026-08-21,118.15,118.85,117.4,118,225282
EIFFAGE,2026-08-24,118.3,118.5,116.85,117.4,153829
EIFFAGE,2026-08-25,117.8,119.05,117.8,118.65,256515
EIFFAGE,2026-08-26,118.6,119.35,117.4,117.5,255435
EIFFAGE,2026-08-27,116.35,116.4,108.35,108.8,687817
EIFFAGE,2026-08-28,110,110.7,108.6,109.7,381272
EIFFAGE,2026-08-31,110,110.4,108.5,109,509587
EIFFAGE,2026-09-01,109.4,109.45,108.15,109.1,311212
EIFFAGE,2026-09-02,108.9,109.4,107.2,107.2,292358
EIFFAGE,2026-09-03,107.55,109.45,107.3,109.25,315417
EIFFAGE,2026-09-04,108.95,109.2,107.95,108.9,310224
EIFFAGE,2026-09-07,109.0,110.15,108.8,109.0,244762
EIFFAGE,2026-09-08,108.9,109.95,108.875,109.85,317842
EIFFAGE,2026-09-09,109.1,109.75,107.7,107.85,417548
EIFFAGE,2026-09-10,107.9,108.4,106.25,106.7,255847
ENGIE,2026-07-13,26.88,27.16,26.88,27.16,1474250
ENGIE,2026-07-14,27.15,27.6,27.07,27.41,2361492
ENGIE,2026-07-15,27.38,27.47,27.04,27.04,3074599
ENGIE,2026-07-16,27,27.05,26.48,26.65,2390877
ENGIE,2026-07-17,26.83,27.16,26.76,26.86,2218817
ENGIE,2026-07-20,26.79,27.09,26.76,26.89,2099381
ENGIE,2026-07-21,26.92,27.28,26.81,27.03,2426938
ENGIE,2026-07-22,27.17,27.82,27.08,27.56,3106409
ENGIE,2026-07-23,27.56,27.85,27.37,27.72,3461792
ENGIE,2026-07-24,27.66,27.87,27.61,27.79,2483064
ENGIE,2026-07-27,27.91,27.93,26.95,27,3819724
ENGIE,2026-07-28,27.21,27.24,26.16,26.16,4002956
ENGIE,2026-07-29,26.22,26.62,25.94,25.97,2842821
ENGIE,2026-07-30,26,26.51,26,26.07,2756868
ENGIE,2026-07-31,26.6,27.52,26.6,27.11,6789523
ENGIE,2026-08-03,27.19,27.2,26.38,26.87,3439739
ENGIE,2026-08-04,27,27.41,26.53,26.82,3376029
ENGIE,2026-08-05,27.03,27.17,26.36,26.46,2823896
ENGIE,2026-08-06,26.61,26.69,26.36,26.56,3255187
ENGIE,2026-08-07,26.7,26.78,26.38,26.72,1867653
ENGIE,2026-08-10,26.74,26.82,26.35,26.44,2163307
ENGIE,2026-08-11,26.56,26.63,26.16,26.26,2910357
ENGIE,2026-08-12,26.5,26.52,25.94,25.97,3568705
ENGIE,2026-08-13,25.96,26.22,25.92,26.13,3045129
ENGIE,2026-08-14,26.14,26.14,25.58,25.72,3012669
ENGIE,2026-08-17,25.84,25.93,25.62,25.62,2079640
ENGIE,2026-08-18,25.69,25.73,25.44,25.65,3913356
ENGIE,2026-08-19,25.6,25.82,25.32,25.36,2081187
ENGIE,2026-08-20,25.62,25.68,25.24,25.57,2397720
ENGIE,2026-08-21,25.6,25.75,25.29,25.29,2562931
ENGIE,2026-08-24,25.25,25.3,24.96,25.13,2266246
ENGIE,2026-08-25,25.21,25.43,25.17,25.33,2707175
ENGIE,2026-08-26,25.34,25.36,24.93,24.96,2548320
ENGIE,2026-08-27,24.97,25.01,23.91,24.1,4703370
ENGIE,2026-08-28,24.26,24.59,24.22,24.5,3340985
ENGIE,2026-08-31,24.51,24.83,24.44,24.6,4680724
ENGIE,2026-09-01,24.82,24.93,24.21,24.4,3273492
ENGIE,2026-09-02,24.49,24.63,23.88,23.91,3854378
ENGIE,2026-09-03,23.92,24,23.4,23.79,4853195
ENGIE,2026-09-04,23.8,24.07,23.59,24.01,3617856
ENGIE,2026-09-07,24.01,24.23,24.01,24.18,2313742
ENGIE,2026-09-08,24.18,24.18,23.95,24.12,2972033
ENGIE,2026-09-09,24.22,24.72,23.95,24.05,4537178
ENGIE,2026-09-10,24.15,24.4,24.09,24.3,3744137
ESSILORLUXOTTICA,2026-07-31,161.65,167.7,161.05,164.05,892324
ESSILORLUXOTTICA,2026-08-03,164.7,172.5,162.6,169.6,1033878
ESSILORLUXOTTICA,2026-08-04,169.55,173.05,168.4,170.5,1062404
ESSILORLUXOTTICA,2026-08-05,170.5,173.2,168.3,171.45,748115
ESSILORLUXOTTICA,2026-08-06,173.2,176.6,170.45,171.3,871524
ESSILORLUXOTTICA,2026-08-07,171.8,175.8,171.25,172.3,786218
ESSILORLUXOTTICA,2026-08-10,172.8,172.8,167.85,171.25,816879
ESSILORLUXOTTICA,2026-08-11,171.05,173.05,170.15,171.75,315776
ESSILORLUXOTTICA,2026-08-12,171.0,171.1,163.5,164.4,909698
ESSILORLUXOTTICA,2026-08-13,165.0,165.8,163.15,163.75,473698
ESSILORLUXOTTICA,2026-08-14,164.0,165.45,161.85,162.55,420058
ESSILORLUXOTTICA,2026-08-17,162.8,162.8,159.7,159.8,479807
ESSILORLUXOTTICA,2026-08-18,159.8,164.5,159.2,163.9,646674
ESSILORLUXOTTICA,2026-08-19,163.25,164.45,161.3,163.45,546330
ESSILORLUXOTTICA,2026-08-20,163.2,163.3,160.1,161.2,383630
ESSILORLUXOTTICA,2026-08-21,160.65,163.9,159.55,163.2,431537
ESSILORLUXOTTICA,2026-08-24,163.05,163.65,161.2,161.7,368555
ESSILORLUXOTTICA,2026-08-25,161.0,163.55,159.15,159.15,749548
ESSILORLUXOTTICA,2026-08-26,159.2,161.5,159.2,159.2,545029
ESSILORLUXOTTICA,2026-08-27,159.25,159.65,156.15,157.5,658698
ESSILORLUXOTTICA,2026-08-28,161.15,163.45,160.95,161.35,856329
ESSILORLUXOTTICA,2026-08-31,161.35,162.5,160.0,160.35,1233344
ESSILORLUXOTTICA,2026-09-01,160.8,162.25,159.0,159.55,587241
ESSILORLUXOTTICA,2026-09-02,158.65,160.45,157.65,158.7,795454
ESSILORLUXOTTICA,2026-09-03,157.45,158.45,152.4,152.95,844705
ESSILORLUXOTTICA,2026-09-04,153.1,153.1,148.95,149.8,951172
ESSILORLUXOTTICA,2026-09-07,149.0,149.45,146.65,148.55,856414
ESSILORLUXOTTICA,2026-09-08,147.1,152.4,147.0,149.6,622102
ESSILORLUXOTTICA,2026-09-09,147.95,152.25,146.4,149.0,1121012
ESSILORLUXOTTICA,2026-09-10,148.65,148.8,144.65,145.85,863933
EUROFINS_SCIENTIFIC,2026-07-31,68.8,69.02,68.16,68.16,183678
EUROFINS_SCIENTIFIC,2026-08-03,68.5,69.24,67.44,67.74,201064
EUROFINS_SCIENTIFIC,2026-08-04,67.96,69.2,67.8,68.82,200977
EUROFINS_SCIENTIFIC,2026-08-05,68.78,69.86,68.74,69.68,137595
EUROFINS_SCIENTIFIC,2026-08-06,69.9,70.4,69.8,69.88,247516
EUROFINS_SCIENTIFIC,2026-08-07,69.88,70.9,69.68,69.8,161279
EUROFINS_SCIENTIFIC,2026-08-10,69.98,70.14,69.46,70.04,133177
EUROFINS_SCIENTIFIC,2026-08-11,69.9,70.2,69.22,69.9,150726
EUROFINS_SCIENTIFIC,2026-08-12,70.0,70.0,69.18,69.6,172841
EUROFINS_SCIENTIFIC,2026-08-13,69.86,70.46,69.64,70.1,124732
EUROFINS_SCIENTIFIC,2026-08-14,70.06,70.98,69.94,70.44,129199
EUROFINS_SCIENTIFIC,2026-08-17,69.82,70.06,68.62,70.0,201822
EUROFINS_SCIENTIFIC,2026-08-18,69.58,70.1,69.42,69.66,177190
EUROFINS_SCIENTIFIC,2026-08-19,69.64,70.84,69.22,70.66,210639
EUROFINS_SCIENTIFIC,2026-08-20,70.62,73.0,70.5,72.82,323338
EUROFINS_SCIENTIFIC,2026-08-21,72.18,72.84,71.84,72.84,210856
EUROFINS_SCIENTIFIC,2026-08-24,72.56,73.44,72.0,73.26,140808
EUROFINS_SCIENTIFIC,2026-08-25,73.28,74.32,72.88,74.08,133674
EUROFINS_SCIENTIFIC,2026-08-26,73.86,74.62,72.82,72.82,201279
EUROFINS_SCIENTIFIC,2026-08-27,72.76,73.0,72.2,73.0,257085
EUROFINS_SCIENTIFIC,2026-08-28,73.0,73.32,72.36,72.36,260066
EUROFINS_SCIENTIFIC,2026-08-31,72.28,72.58,71.66,72.54,510172
EUROFINS_SCIENTIFIC,2026-09-01,72.6,73.36,71.56,71.56,247022
EUROFINS_SCIENTIFIC,2026-09-02,71.32,73.62,71.1,72.78,220096
EUROFINS_SCIENTIFIC,2026-09-03,73.0,74.78,72.84,73.46,307393
EUROFINS_SCIENTIFIC,2026-09-04,73.6,73.98,72.72,72.72,167941
EUROFINS_SCIENTIFIC,2026-09-07,72.36,72.36,71.1,71.6,146380
EUROFINS_SCIENTIFIC,2026-09-08,69.3,71.74,68.38,71.2,265201
EUROFINS_SCIENTIFIC,2026-09-09,70.82,71.74,70.8,70.94,388214
EUROFINS_SCIENTIFIC,2026-09-10,70.84,71.52,70.2,70.92,661722
EURONEXT,2026-07-31,155.5,159.3,153.2,158.6,462829
EURONEXT,2026-08-03,158.1,158.6,156.7,157.1,261113
EURONEXT,2026-08-04,158.0,159.5,156.9,157.2,120599
EURONEXT,2026-08-05,158.0,161.1,157.4,161.1,191268
EURONEXT,2026-08-06,162.1,163.6,160.5,160.8,138513
EURONEXT,2026-08-07,160.3,162.7,160.1,161.7,125678
EURONEXT,2026-08-10,162.2,163.6,161.4,163.0,105252
EURONEXT,2026-08-11,162.9,163.2,159.1,159.1,134263
EURONEXT,2026-08-12,159.4,160.3,157.7,159.5,124626
EURONEXT,2026-08-13,159.5,160.2,158.45,159.2,84785
EURONEXT,2026-08-14,159.8,160.4,157.7,158.9,75586
EURONEXT,2026-08-17,158.5,161.4,158.0,161.2,127115
EURONEXT,2026-08-18,160.6,162.8,160.1,161.7,146195
EURONEXT,2026-08-19,161.7,162.7,159.7,160.9,79721
EURONEXT,2026-08-20,160.9,162.1,160.3,162.1,81480
EURONEXT,2026-08-21,161.9,163.4,161.7,163.2,96499
EURONEXT,2026-08-24,163.6,164.7,163.0,163.9,106240
EURONEXT,2026-08-25,163.6,166.2,163.4,165.2,165405
EURONEXT,2026-08-26,164.7,164.7,162.6,162.6,163320
EURONEXT,2026-08-27,162.5,166.2,162.5,165.3,147793
EURONEXT,2026-08-28,165.6,166.1,164.5,164.5,137508
EURONEXT,2026-08-31,164.0,165.1,163.0,163.1,293177
EURONEXT,2026-09-01,162.3,162.55,160.8,161.2,197003
EURONEXT,2026-09-02,161.2,161.2,157.8,158.9,141475
EURONEXT,2026-09-03,159.9,162.4,159.0,161.7,164409
EURONEXT,2026-09-04,161.7,161.7,159.9,160.3,126249
EURONEXT,2026-09-07,160.0,160.8,159.2,159.2,43016
EURONEXT,2026-09-08,159.2,162.4,159.2,161.1,162983
EURONEXT,2026-09-09,159.2,160.0,158.3,159.1,141176
EURONEXT,2026-09-10,159.7,161.5,159.5,160.3,95138
HERMES_INTL,2026-07-31,1547.5,1562.5,1516.0,1531.5,109396
HERMES_INTL,2026-08-03,1531.5,1594.0,1531.5,1560.5,84774
HERMES_INTL,2026-08-04,1562.0,1565.5,1525.0,1556.0,82305
HERMES_INTL,2026-08-05,1544.5,1551.5,1520.0,1546.0,84285
HERMES_INTL,2026-08-06,1557.0,1637.5,1557.0,1626.0,132252
HERMES_INTL,2026-08-07,1624.0,1643.5,1613.0,1635.5,73076
HERMES_INTL,2026-08-10,1632.0,1660.5,1629.0,1644.5,55553
HERMES_INTL,2026-08-11,1644.5,1663.5,1632.5,1643.5,53792
HERMES_INTL,2026-08-12,1627.5,1630.5,1599.5,1603.0,79239
HERMES_INTL,2026-08-13,1617.5,1621.0,1579.5,1579.5,61191
HERMES_INTL,2026-08-14,1586.5,1596.5,1572.5,1576.0,65224
HERMES_INTL,2026-08-17,1565.0,1567.0,1546.5,1550.0,72650
HERMES_INTL,2026-08-18,1535.0,1560.5,1528.5,1560.5,78261
HERMES_INTL,2026-08-19,1559.0,1585.5,1552.0,1582.5,64564
HERMES_INTL,2026-08-20,1578.0,1583.5,1549.5,1549.5,95586
HERMES_INTL,2026-08-21,1553.5,1576.0,1543.5,1573.0,63812
HERMES_INTL,2026-08-24,1580.0,1601.0,1576.0,1580.5,65471
HERMES_INTL,2026-08-25,1591.0,1594.0,1556.5,1556.5,64874
HERMES_INTL,2026-08-26,1575.5,1588.5,1547.5,1547.5,74667
HERMES_INTL,2026-08-27,1548.0,1565.5,1544.0,1563.0,81231
HERMES_INTL,2026-08-28,1577.5,1628.5,1572.75,1598.0,94881
HERMES_INTL,2026-08-31,1600.0,1609.0,1579.5,1581.0,911695
HERMES_INTL,2026-09-01,1575.0,1576.0,1530.5,1542.5,93041
HERMES_INTL,2026-09-02,1539.5,1552.5,1525.0,1532.0,79452
HERMES_INTL,2026-09-03,1527.0,1529.5,1469.5,1481.5,143538
HERMES_INTL,2026-09-04,1480.0,1481.5,1454.5,1457.0,101087
HERMES_INTL,2026-09-07,1449.0,1479.5,1438.5,1475.0,49552
HERMES_INTL,2026-09-08,1464.5,1468.5,1439.5,1442.5,66809
HERMES_INTL,2026-09-09,1433.0,1449.5,1405.5,1409.0,109790
HERMES_INTL,2026-09-10,1414.5,1427.0,1404.0,1409.0,65528
KERING,2026-07-31,288.15,292.4,283.85,284.2,353608
KERING,2026-08-03,283.7,292.2,283.65,288.4,305312
KERING,2026-08-04,285.55,285.85,277.8,279.3,284703
KERING,2026-08-05,279.1,285.2,273.65,284.3,344393
KERING,2026-08-06,286.4,293.5,286.25,289.75,256851
KERING,2026-08-07,287.5,292.8,286.35,286.65,243415
KERING,2026-08-10,286.2,290.4,282.4,283.4,237529
KERING,2026-08-11,283.55,289.05,282.95,283.5,200086
KERING,2026-08-12,281.95,281.95,270.8,272.75,316160
KERING,2026-08-13,273.6,276.9,270.6,270.6,213806
KERING,2026-08-14,270.95,271.775,264.45,268.55,261490
KERING,2026-08-17,266.45,266.6,255.6,257.1,362323
KERING,2026-08-18,255.5,257.55,252.05,255.7,282950
KERING,2026-08-19,255.7,261.0,254.35,260.05,209211
KERING,2026-08-20,259.0,261.0,250.6,250.6,256203
KERING,2026-08-21,250.6,254.3,249.6,254.3,159288
KERING,2026-08-24,254.9,257.2,254.2,255.75,151141
KERING,2026-08-25,256.15,256.15,246.4,247.2,222960
KERING,2026-08-26,247.85,253.4,247.85,252.75,306043
KERING,2026-08-27,250.8,252.7,247.75,250.55,559981
KERING,2026-08-28,252.4,257.5,252.2,254.2,270683
KERING,2026-08-31,253.25,255.4,252.5,254.05,370419
KERING,2026-09-01,252.9,253.4,245.3,247.2,319469
KERING,2026-09-02,245.95,249.9,241.65,249.65,310440
KERING,2026-09-03,247.3,248.9,241.4,244.6,366837
KERING,2026-09-04,245.25,247.7,243.0,245.2,254090
KERING,2026-09-07,242.7,242.8,239.9,241.4,198841
KERING,2026-09-08,240.35,251.9,238.6,244.4,343452
KERING,2026-09-09,240.05,241.75,231.0,232.25,405559
KERING,2026-09-10,232.35,235.95,230.25,234.15,338509
L'OREAL,2026-07-31,391.05,392.35,384.2,386.95,427656
L'OREAL,2026-08-03,384.35,395.3,384.35,389.75,331751
L'OREAL,2026-08-04,386.05,389.6,381.75,387.5,308115
L'OREAL,2026-08-05,386.95,391.95,384.65,388.6,247408
L'OREAL,2026-08-06,394.3,397.25,389.0,390.4,282980
L'OREAL,2026-08-07,388.75,393.25,385.9,385.9,300451
L'OREAL,2026-08-10,385.65,390.0,385.0,388.5,201776
L'OREAL,2026-08-11,387.55,389.65,383.7,383.7,201656
L'OREAL,2026-08-12,384.75,384.75,379.35,380.45,376086
L'OREAL,2026-08-13,381.6,386.45,380.6,383.3,242355
L'OREAL,2026-08-14,382.5,383.9,378.25,379.5,213228
L'OREAL,2026-08-17,376.7,377.65,369.675,370.0,255761
L'OREAL,2026-08-18,369.0,375.4,367.5,375.4,349611
L'OREAL,2026-08-19,374.15,384.6,373.65,382.55,431749
L'OREAL,2026-08-20,383.55,386.15,381.75,385.8,252990
L'OREAL,2026-08-21,384.55,387.4,379.85,386.6,236934
L'OREAL,2026-08-24,387.55,393.75,387.2,392.5,238012
L'OREAL,2026-08-25,392.15,393.0,386.6,388.5,184510
L'OREAL,2026-08-26,390.0,392.4,387.2,387.2,253992
L'OREAL,2026-08-27,385.75,385.85,381.85,384.85,236223
L'OREAL,2026-08-28,386.85,390.8,386.25,388.5,296828
L'OREAL,2026-08-31,388.35,390.5,384.7,384.7,477325
L'OREAL,2026-09-01,383.95,388.05,378.95,379.35,345352
L'OREAL,2026-09-02,381.85,386.9,381.6,385.0,253064
L'OREAL,2026-09-03,381.0,383.0,375.45,378.5,282634
L'OREAL,2026-09-04,377.0,383.9,376.1,383.9,246490
L'OREAL,2026-09-07,380.2,386.65,379.8,384.65,134817
L'OREAL,2026-09-08,383.9,394.0,382.3,388.2,323855
L'OREAL,2026-09-09,383.9,386.45,377.9,381.7,401252
L'OREAL,2026-09-10,380.25,381.3,372.95,375.55,280527
LEGRAND,2026-07-31,132.45,136.3,130.85,131.4,1193277
LEGRAND,2026-08-03,133.7,135.05,130.8,134.5,570884
LEGRAND,2026-08-04,135.25,138.15,134.95,138.15,814156
LEGRAND,2026-08-05,139.0,140.05,136.55,137.6,551707
LEGRAND,2026-08-06,137.2,140.5,135.55,139.05,446277
LEGRAND,2026-08-07,138.7,141.0,138.25,140.2,400656
LEGRAND,2026-08-10,139.75,141.05,138.7,138.8,341484
LEGRAND,2026-08-11,138.2,141.7,137.8,140.7,307204
LEGRAND,2026-08-12,140.85,143.8,140.85,142.7,436491
LEGRAND,2026-08-13,142.7,143.5,141.5,141.75,381576
LEGRAND,2026-08-14,142.0,142.35,140.6,140.7,361800
LEGRAND,2026-08-17,141.2,142.5,140.6,140.8,267189
LEGRAND,2026-08-18,139.55,139.6,133.85,135.15,530719
LEGRAND,2026-08-19,135.0,137.25,134.1,134.85,398777
LEGRAND,2026-08-20,135.0,135.95,133.95,134.65,260288
LEGRAND,2026-08-21,134.55,136.7,134.35,134.65,281592
LEGRAND,2026-08-24,134.2,134.95,131.6,133.2,337462
LEGRAND,2026-08-25,134.1,137.05,134.1,136.5,471768
LEGRAND,2026-08-26,136.35,138.75,136.05,137.35,312411
LEGRAND,2026-08-27,138.3,139.8,135.55,136.4,390355
LEGRAND,2026-08-28,138.4,141.65,138.4,139.65,500132
LEGRAND,2026-08-31,139.15,139.4,136.55,136.55,646191
LEGRAND,2026-09-01,136.1,137.65,133.8,134.4,727957
LEGRAND,2026-09-02,134.25,135.7,133.5,134.55,427461
LEGRAND,2026-09-03,136.4,138.7,135.2,136.45,572479
LEGRAND,2026-09-04,142.3,142.7,139.0,140.9,615406
LEGRAND,2026-09-07,142.8,144.65,141.9,144.55,492820
LEGRAND,2026-09-08,144.2,146.3,143.5,146.15,429338
LEGRAND,2026-09-09,145.5,146.15,139.4,140.35,481250
LEGRAND,2026-09-10,140.0,141.4,138.1,139.5,623454
LVMH,2026-07-31,468.95,478.9,467.5,475.15,429187
LVMH,2026-08-03,474.8,496.35,474.775,486.9,546862
LVMH,2026-08-04,484.7,485.2,475.1,485.0,407703
LVMH,2026-08-05,483.1,483.6,471.0,479.7,455763
LVMH,2026-08-06,481.5,488.1,481.45,481.45,500848
LVMH,2026-08-07,480.75,483.7,478.15,480.0,404209
LVMH,2026-08-10,479.3,487.5,478.9,482.45,302858
LVMH,2026-08-11,481.55,486.5,478.3,478.8,277428
LVMH,2026-08-12,476.0,476.15,460.35,464.95,590879
LVMH,2026-08-13,467.0,468.5,460.0,460.0,515560
LVMH,2026-08-14,460.8,463.15,457.25,458.4,363942
LVMH,2026-08-17,456.0,459.7,444.7,446.0,589215
LVMH,2026-08-18,444.6,449.75,444.15,447.75,462483
LVMH,2026-08-19,447.8,457.1,446.85,456.0,450881
LVMH,2026-08-20,453.0,455.4,443.1,443.1,558304
LVMH,2026-08-21,443.1,453.3,442.5,452.5,401205
LVMH,2026-08-24,452.9,459.85,451.4,459.35,408727
LVMH,2026-08-25,460.85,461.25,450.35,450.7,319509
LVMH,2026-08-26,453.0,457.7,452.7,453.8,295568
LVMH,2026-08-27,451.6,451.6,445.05,447.4,379468
LVMH,2026-08-28,450.0,461.15,449.95,458.15,467296
LVMH,2026-08-31,458.95,461.05,453.15,453.3,547253
LVMH,2026-09-01,452.35,454.7,442.65,445.0,417702
LVMH,2026-09-02,443.3,444.45,435.6,439.0,525881
LVMH,2026-09-03,436.25,437.55,425.35,431.05,727463
LVMH,2026-09-04,431.25,433.75,427.5,429.1,478231
LVMH,2026-09-07,427.75,432.85,423.75,431.2,287949
LVMH,2026-09-08,429.15,433.35,425.65,426.55,337658
LVMH,2026-09-09,421.2,422.9,408.75,411.25,1028952
LVMH,2026-09-10,409.0,412.25,405.25,406.5,851388
MICHELIN,2026-07-31,34.47,35.07,34.4,34.97,2384051
MICHELIN,2026-08-03,35.21,35.48,34.76,34.76,1650325
MICHELIN,2026-08-04,34.66,34.7,33.98,34.62,1649690
MICHELIN,2026-08-05,34.57,34.7,33.82,34.01,1665805
MICHELIN,2026-08-06,34.2,34.45,34.12,34.17,1036206
MICHELIN,2026-08-07,34.06,34.56,33.96,34.56,1659166
MICHELIN,2026-08-10,34.44,34.63,34.19,34.38,1700440
MICHELIN,2026-08-11,34.38,34.69,34.3,34.67,1180279
MICHELIN,2026-08-12,34.63,34.75,34.47,34.61,1473756
MICHELIN,2026-08-13,34.59,34.88,34.29,34.86,1800346
MICHELIN,2026-08-14,34.81,34.96,34.58,34.63,964031
MICHELIN,2026-08-17,34.62,34.73,34.34,34.57,949290
MICHELIN,2026-08-18,34.44,34.51,33.97,34.02,1174703
MICHELIN,2026-08-19,34.0,34.31,33.95,34.09,943137
MICHELIN,2026-08-20,34.7,34.95,34.33,34.48,1116605
MICHELIN,2026-08-21,34.68,34.84,34.5,34.61,976854
MICHELIN,2026-08-24,34.61,35.13,34.57,35.08,1042281
MICHELIN,2026-08-25,34.98,35.04,34.63,34.79,1214736
MICHELIN,2026-08-26,34.8,35.35,34.72,35.14,1040212
MICHELIN,2026-08-27,34.95,34.99,33.99,34.34,1873432
MICHELIN,2026-08-28,34.54,34.9,34.54,34.78,1121046
MICHELIN,2026-08-31,34.82,35.27,34.78,35.0,2413446
MICHELIN,2026-09-01,34.99,35.17,34.7,34.88,1512804
MICHELIN,2026-09-02,34.64,34.64,34.09,34.43,1038183
MICHELIN,2026-09-03,34.45,34.85,34.26,34.85,1339932
MICHELIN,2026-09-04,34.91,35.18,34.62,35.16,1158193
MICHELIN,2026-09-07,34.89,34.95,34.47,34.47,834449
MICHELIN,2026-09-08,34.24,34.86,34.08,34.66,939786
MICHELIN,2026-09-09,34.35,34.35,33.54,33.76,1782483
MICHELIN,2026-09-10,33.73,33.96,33.45,33.52,1425555
ORANGE,2026-07-31,16.385,16.625,16.2,16.57,8867187
ORANGE,2026-08-03,16.47,16.74,16.44,16.605,4191606
ORANGE,2026-08-04,16.53,16.59,16.435,16.435,4346714
ORANGE,2026-08-05,16.4,16.405,15.83,15.9,4997647
ORANGE,2026-08-06,16.105,16.38,16.085,16.32,4167382
ORANGE,2026-08-07,16.375,16.47,16.145,16.455,4219009
ORANGE,2026-08-10,16.4,16.4,16.065,16.125,3839191
ORANGE,2026-08-11,16.215,16.25,15.965,16.135,4258897
ORANGE,2026-08-12,16.21,16.225,16.085,16.15,3191919
ORANGE,2026-08-13,16.15,16.3,16.12,16.285,3428691
ORANGE,2026-08-14,16.3,16.45,16.23,16.405,3746999
ORANGE,2026-08-17,16.315,16.455,16.195,16.195,2750636
ORANGE,2026-08-18,16.25,16.385,16.18,16.18,3762025
ORANGE,2026-08-19,16.22,16.265,16.085,16.14,4102020
ORANGE,2026-08-20,16.185,16.195,16.07,16.105,3661625
ORANGE,2026-08-21,16.21,16.26,15.945,15.965,5788102
ORANGE,2026-08-24,16.03,16.13,15.825,15.83,4395224
ORANGE,2026-08-25,15.84,15.96,15.785,15.96,4214363
ORANGE,2026-08-26,15.905,15.93,15.73,15.76,5055336
ORANGE,2026-08-27,15.7,15.7,14.795,15.1,9631964
ORANGE,2026-08-28,15.185,15.245,14.865,15.195,8056883
ORANGE,2026-08-31,15.24,15.41,15.205,15.405,8966278
ORANGE,2026-09-01,15.41,15.54,15.205,15.51,5654297
ORANGE,2026-09-02,15.52,15.595,15.29,15.53,4118738
ORANGE,2026-09-03,15.505,15.695,15.405,15.405,2905357
ORANGE,2026-09-04,15.365,15.37,15.185,15.34,3931372
ORANGE,2026-09-07,15.24,15.51,15.2,15.3,2592413
ORANGE,2026-09-08,15.345,15.385,15.255,15.37,2947471
ORANGE,2026-09-09,15.29,15.43,15.19,15.215,5321988
ORANGE,2026-09-10,15.45,15.515,15.365,15.515,3770275
PERNOD_RICARD,2026-07-31,67.3,68.2,67.14,67.82,588012
PERNOD_RICARD,2026-08-03,67.38,69.82,67.38,68.72,680870
PERNOD_RICARD,2026-08-04,68.16,68.22,66.84,67.56,476885
PERNOD_RICARD,2026-08-05,67.28,68.48,67.1,68.18,585331
PERNOD_RICARD,2026-08-06,69.08,70.74,68.32,69.02,833994
PERNOD_RICARD,2026-08-07,69.16,71.14,69.0,70.32,697538
PERNOD_RICARD,2026-08-10,70.34,70.48,69.12,69.94,718726
PERNOD_RICARD,2026-08-11,69.78,70.0,68.78,69.22,494224
PERNOD_RICARD,2026-08-12,69.04,69.22,67.64,67.96,579901
PERNOD_RICARD,2026-08-13,68.3,68.82,68.06,68.34,502673
PERNOD_RICARD,2026-08-14,68.3,69.18,68.16,69.16,491125
PERNOD_RICARD,2026-08-17,68.68,69.0,68.02,68.08,415826
PERNOD_RICARD,2026-08-18,68.0,68.64,67.7,68.18,392431
PERNOD_RICARD,2026-08-19,68.12,68.14,66.84,68.12,536155
PERNOD_RICARD,2026-08-20,68.24,68.8,67.98,68.76,429223
PERNOD_RICARD,2026-08-21,68.78,68.92,68.0,68.42,427189
PERNOD_RICARD,2026-08-24,68.1,69.2,67.7,69.0,475962
PERNOD_RICARD,2026-08-25,68.6,68.84,67.12,67.2,722079
PERNOD_RICARD,2026-08-26,67.0,68.1,66.98,67.6,604567
PERNOD_RICARD,2026-08-27,66.46,67.76,62.02,64.5,1875279
PERNOD_RICARD,2026-08-28,65.02,65.36,63.12,63.2,921624
PERNOD_RICARD,2026-08-31,63.6,64.8,63.46,64.5,1090159
PERNOD_RICARD,2026-09-01,64.34,64.68,62.06,62.54,854064
PERNOD_RICARD,2026-09-02,62.68,63.14,61.96,63.14,734601
PERNOD_RICARD,2026-09-03,63.0,63.26,62.28,62.46,545360
PERNOD_RICARD,2026-09-04,62.54,63.1,61.76,61.76,632537
PERNOD_RICARD,2026-09-07,61.28,61.3,60.04,61.12,632038
PERNOD_RICARD,2026-09-08,61.18,61.26,60.44,60.72,573573
PERNOD_RICARD,2026-09-09,60.0,60.94,59.78,60.04,773619
PERNOD_RICARD,2026-09-10,59.8,59.9,58.9,59.5,690347
PUBLICIS_GROUPE,2026-07-31,93.3,94.3,92.32,92.62,780700
PUBLICIS_GROUPE,2026-08-03,92.76,95.26,92.76,93.86,420808
PUBLICIS_GROUPE,2026-08-04,93.48,94.8,92.86,94.28,528752
PUBLICIS_GROUPE,2026-08-05,94.04,97.36,93.64,97.16,758348
PUBLICIS_GROUPE,2026-08-06,98.0,100.7,97.92,99.28,958212
PUBLICIS_GROUPE,2026-08-07,98.9,100.85,98.89,100.0,1088854
PUBLICIS_GROUPE,2026-08-10,99.82,99.82,98.26,98.6,513985
PUBLICIS_GROUPE,2026-08-11,98.92,99.12,97.34,98.8,666438
PUBLICIS_GROUPE,2026-08-12,98.36,99.08,97.92,99.02,397061
PUBLICIS_GROUPE,2026-08-13,99.18,100.65,98.88,99.98,444271
PUBLICIS_GROUPE,2026-08-14,100.65,103.1,100.4,101.8,674812
PUBLICIS_GROUPE,2026-08-17,101.25,101.6,100.4,100.6,525371
PUBLICIS_GROUPE,2026-08-18,100.8,102.25,100.4,102.0,464411
PUBLICIS_GROUPE,2026-08-19,101.55,101.9,100.85,101.55,503247
PUBLICIS_GROUPE,2026-08-20,101.75,102.2,100.9,101.85,422189
PUBLICIS_GROUPE,2026-08-21,101.05,102.65,100.6,102.35,542013
PUBLICIS_GROUPE,2026-08-24,102.65,104.85,102.1,104.1,414540
PUBLICIS_GROUPE,2026-08-25,104.05,104.2,101.75,103.35,475740
PUBLICIS_GROUPE,2026-08-26,103.2,103.5,102.15,102.7,433523
PUBLICIS_GROUPE,2026-08-27,103.15,103.35,100.35,101.3,982228
PUBLICIS_GROUPE,2026-08-28,101.8,102.25,100.8,101.65,637579
PUBLICIS_GROUPE,2026-08-31,101.75,101.95,100.35,100.95,861953
PUBLICIS_GROUPE,2026-09-01,101.35,101.35,99.18,99.4,602828
PUBLICIS_GROUPE,2026-09-02,99.08,99.38,97.4,99.38,491227
PUBLICIS_GROUPE,2026-09-03,102.35,104.0,100.95,103.75,810112
PUBLICIS_GROUPE,2026-09-04,103.4,103.85,100.2,101.1,487349
PUBLICIS_GROUPE,2026-09-07,100.75,100.85,99.86,100.05,392932
PUBLICIS_GROUPE,2026-09-08,99.8,100.55,98.16,98.94,460256
PUBLICIS_GROUPE,2026-09-09,98.4,99.08,95.36,96.04,700957
PUBLICIS_GROUPE,2026-09-10,96.48,97.62,95.8,97.28,512443
RENAULT,2026-07-13,25.6,26.23,25.5,26.18,1172738
RENAULT,2026-07-14,25.92,26.16,25.69,25.84,771655
RENAULT,2026-07-15,25.76,26.79,25.59,26.79,1625070
RENAULT,2026-07-16,26.79,27.22,26.6,26.89,1102893
RENAULT,2026-07-17,26.74,26.82,26.05,26.14,1199250
RENAULT,2026-07-20,25.99,26.38,25.77,25.9,1329154
RENAULT,2026-07-21,25.8,25.89,25.48,25.88,1073712
RENAULT,2026-07-22,25.7,26.57,25.46,26.36,1502014
RENAULT,2026-07-23,26.4,26.55,26.03,26.03,1092701
RENAULT,2026-07-24,25.89,26.14,25.65,26.14,1198308
RENAULT,2026-07-27,26.7,26.98,26.49,26.5,1305355
RENAULT,2026-07-28,26.9,27.49,26.76,27.15,1232402
RENAULT,2026-07-29,27.46,28.19,27.42,27.91,1934208
RENAULT,2026-07-30,27.5,28.29,26.74,27.97,2456850
RENAULT,2026-07-31,27.75,28.07,27.25,27.26,1912707
RENAULT,2026-08-03,27.66,29.02,27.66,28.45,1647419
RENAULT,2026-08-04,28.3,28.4,27.68,28.4,1412440
RENAULT,2026-08-05,28.45,28.6,28.02,28.13,927238
RENAULT,2026-08-06,28.3,28.55,28.12,28.2,1177227
RENAULT,2026-08-07,28.2,28.69,27.94,28.64,1662430
RENAULT,2026-08-10,28.71,28.83,28.42,28.73,998573
RENAULT,2026-08-11,28.65,28.75,28.42,28.54,942560
RENAULT,2026-08-12,28.45,28.51,28.13,28.33,1308002
RENAULT,2026-08-13,28.4,28.55,28.08,28.23,656310
RENAULT,2026-08-14,28.48,28.63,28.11,28.63,1170354
RENAULT,2026-08-17,28.64,28.8,28.21,28.39,901191
RENAULT,2026-08-18,28.5,28.84,28.4,28.59,1237267
RENAULT,2026-08-19,28.59,29.24,28.57,29.19,1161311
RENAULT,2026-08-20,29.33,29.63,28.44,28.61,1280873
RENAULT,2026-08-21,28.42,28.81,27.71,28.63,978366
RENAULT,2026-08-24,28.5,28.59,27.96,28.31,932845
RENAULT,2026-08-25,28.23,28.52,27.17,27.39,1283877
RENAULT,2026-08-26,27.34,27.45,26.96,27.22,1234362
RENAULT,2026-08-27,27.19,28.45,27.12,28.4,1883478
RENAULT,2026-08-28,28.62,29.51,28.42,29.43,2023590
RENAULT,2026-08-31,29.43,30.07,29.22,29.72,2127208
RENAULT,2026-09-01,29.6,29.66,28.61,29.01,1386455
RENAULT,2026-09-02,28.82,28.85,27.69,27.69,2045577
RENAULT,2026-09-03,27.6,28.85,27.44,28.85,1680893
RENAULT,2026-09-04,29.15,29.74,28.92,29.14,1940658
RENAULT,2026-09-07,28.92,29.2,28.79,29.2,997958
RENAULT,2026-09-08,29.19,29.87,28.98,29.58,1019927
RENAULT,2026-09-09,29.42,29.68,29.18,29.19,1114155
RENAULT,2026-09-10,29.2,29.53,28.92,28.92,1215745
SAFRAN,2026-07-31,340.2,345.7,337.6,338.4,596732
SAFRAN,2026-08-03,346.0,353.1,345.8,351.3,594605
SAFRAN,2026-08-04,355.0,358.5,348.8,356.4,464546
SAFRAN,2026-08-05,358.3,361.5,357.05,358.5,364407
SAFRAN,2026-08-06,357.5,361.9,354.5,355.2,501928
SAFRAN,2026-08-07,355.0,360.4,354.7,357.4,369629
SAFRAN,2026-08-10,354.0,363.7,353.5,363.2,506969
SAFRAN,2026-08-11,361.7,364.2,359.4,361.5,290985
SAFRAN,2026-08-12,362.1,366.5,360.3,363.6,359068
SAFRAN,2026-08-13,364.2,365.1,356.4,358.0,299737
SAFRAN,2026-08-14,357.3,362.0,357.2,360.5,298159
SAFRAN,2026-08-17,360.5,363.8,359.8,361.1,293081
SAFRAN,2026-08-18,358.0,358.8,352.2,353.1,480527
SAFRAN,2026-08-19,354.9,358.4,349.1,349.1,490577
SAFRAN,2026-08-20,349.6,350.7,342.9,343.6,380569
SAFRAN,2026-08-21,342.1,344.4,339.6,343.6,328849
SAFRAN,2026-08-24,342.6,343.1,338.9,339.9,377381
SAFRAN,2026-08-25,343.0,349.0,342.9,343.8,308958
SAFRAN,2026-08-26,346.0,354.5,345.0,350.4,463844
SAFRAN,2026-08-27,349.8,351.7,341.7,343.2,422266
SAFRAN,2026-08-28,347.0,347.9,343.0,344.2,492943
SAFRAN,2026-08-31,343.3,343.6,334.7,337.0,757842
SAFRAN,2026-09-01,336.1,336.7,329.2,331.6,499864
SAFRAN,2026-09-02,330.3,334.2,328.7,328.7,460552
SAFRAN,2026-09-03,328.6,332.7,326.8,331.5,357295
SAFRAN,2026-09-04,331.9,334.8,330.5,333.5,245937
SAFRAN,2026-09-07,333.7,337.5,332.6,333.1,260760
SAFRAN,2026-09-08,332.7,333.6,329.2,333.6,224758
SAFRAN,2026-09-09,328.5,329.9,321.3,322.8,630864
SAFRAN,2026-09-10,322.4,324.8,318.9,322.0,481256
SAINT_GOBAIN,2026-07-31,80.14,83.48,78.58,81.28,2031659
SAINT_GOBAIN,2026-08-03,82.06,84.68,81.5,83.52,1244352
SAINT_GOBAIN,2026-08-04,83.8,85.02,82.7,84.92,1218572
SAINT_GOBAIN,2026-08-05,85.74,85.92,84.44,85.54,985900
SAINT_GOBAIN,2026-08-06,85.92,87.18,84.72,84.72,780335
SAINT_GOBAIN,2026-08-07,84.96,86.26,84.52,85.44,940203
SAINT_GOBAIN,2026-08-10,85.5,85.56,84.38,84.58,648426
SAINT_GOBAIN,2026-08-11,84.3,85.98,83.8,85.0,664169
SAINT_GOBAIN,2026-08-12,85.52,86.22,84.0,84.24,685392
SAINT_GOBAIN,2026-08-13,84.4,84.96,84.04,84.14,543601
SAINT_GOBAIN,2026-08-14,84.34,84.84,83.72,83.94,947109
SAINT_GOBAIN,2026-08-17,83.52,83.54,80.58,81.24,1308362
SAINT_GOBAIN,2026-08-18,81.32,81.42,79.5,79.74,1394364
SAINT_GOBAIN,2026-08-19,80.14,81.28,79.9,80.8,864184
SAINT_GOBAIN,2026-08-20,81.0,81.16,79.96,80.8,584913
SAINT_GOBAIN,2026-08-21,81.0,81.58,80.78,81.2,695785
SAINT_GOBAIN,2026-08-24,81.22,81.42,80.24,80.24,594495
SAINT_GOBAIN,2026-08-25,81.0,81.64,80.08,81.26,673629
SAINT_GOBAIN,2026-08-26,81.88,83.14,81.68,82.3,691508
SAINT_GOBAIN,2026-08-27,82.3,82.34,79.22,79.46,1170678
SAINT_GOBAIN,2026-08-28,79.9,80.72,79.54,79.78,788072
SAINT_GOBAIN,2026-08-31,80.08,80.46,78.32,78.32,1434621
SAINT_GOBAIN,2026-09-01,78.16,78.16,75.78,76.48,1313943
SAINT_GOBAIN,2026-09-02,75.9,76.28,74.86,75.02,1120772
SAINT_GOBAIN,2026-09-03,75.1,75.92,74.62,75.5,695560
SAINT_GOBAIN,2026-09-04,75.48,76.12,75.26,75.78,764310
SAINT_GOBAIN,2026-09-07,75.78,75.78,74.52,74.62,658580
SAINT_GOBAIN,2026-09-08,73.98,74.6,73.28,74.4,904201
SAINT_GOBAIN,2026-09-09,73.48,73.8,71.1,71.5,1247947
SAINT_GOBAIN,2026-09-10,71.5,71.94,70.84,71.32,1059484
SANOFI,2026-07-31,74.23,75.26,74.0,74.47,3588109
SANOFI,2026-08-03,74.89,75.89,74.06,74.5,2150645
SANOFI,2026-08-04,74.61,74.84,73.72,74.39,1666594
SANOFI,2026-08-05,74.06,75.28,73.88,74.5,1565343
SANOFI,2026-08-06,74.68,75.39,74.14,74.31,2363242
SANOFI,2026-08-07,74.11,75.91,73.63,75.31,1953360
SANOFI,2026-08-10,75.6,75.82,75.07,75.53,1287158
SANOFI,2026-08-11,75.17,76.32,75.08,75.4,1384546
SANOFI,2026-08-12,75.79,75.91,74.91,75.42,1535406
SANOFI,2026-08-13,75.4,76.53,75.08,76.43,1683016
SANOFI,2026-08-14,76.14,76.3,74.73,75.52,1428310
SANOFI,2026-08-17,75.55,76.66,75.49,76.66,1083029
SANOFI,2026-08-18,77.09,78.2,76.55,77.67,1971698
SANOFI,2026-08-19,77.91,78.94,77.69,78.56,1787672
SANOFI,2026-08-20,78.35,78.67,77.27,77.79,1406571
SANOFI,2026-08-21,77.4,79.07,77.19,78.94,1467583
SANOFI,2026-08-24,78.5,78.88,77.76,78.28,1130069
SANOFI,2026-08-25,78.75,78.9,78.1,78.74,1058050
SANOFI,2026-08-26,79.16,79.36,78.1,78.29,1244940
SANOFI,2026-08-27,78.01,78.07,76.81,77.28,1124375
SANOFI,2026-08-28,77.6,77.87,76.81,77.25,1056025
SANOFI,2026-08-31,77.5,77.8,76.43,76.81,2863251
SANOFI,2026-09-01,76.83,78.15,76.74,76.86,1718967
SANOFI,2026-09-02,77.1,78.1,76.45,77.16,1244986
SANOFI,2026-09-03,77.16,77.89,76.25,76.27,1808704
SANOFI,2026-09-04,76.16,76.65,75.895,76.26,1490914
SANOFI,2026-09-07,76.01,76.19,75.22,75.69,910041
SANOFI,2026-09-08,75.6,75.99,74.23,74.7,1468180
SANOFI,2026-09-09,73.5,74.73,73.46,74.24,1877179
SANOFI,2026-09-10,74.14,74.41,73.53,73.57,1429996
SCHNEIDER_ELECTRIC,2026-07-31,286.65,294.85,286.65,289.6,1387571
SCHNEIDER_ELECTRIC,2026-08-03,291.3,294.7,283.9,290.1,788360
SCHNEIDER_ELECTRIC,2026-08-04,295.15,299.55,294.3,299.25,884058
SCHNEIDER_ELECTRIC,2026-08-05,301.7,303.5,297.0,300.4,1047409
SCHNEIDER_ELECTRIC,2026-08-06,300.6,303.35,296.1,300.6,846621
SCHNEIDER_ELECTRIC,2026-08-07,300.0,306.25,299.4,303.7,786357
SCHNEIDER_ELECTRIC,2026-08-10,303.7,306.25,302.2,302.25,470425
SCHNEIDER_ELECTRIC,2026-08-11,301.65,306.8,301.0,305.75,572738
SCHNEIDER_ELECTRIC,2026-08-12,305.0,311.8,304.85,311.0,902332
SCHNEIDER_ELECTRIC,2026-08-13,312.0,312.3,308.8,309.25,637010
SCHNEIDER_ELECTRIC,2026-08-14,308.6,309.0,306.4,306.4,528878
SCHNEIDER_ELECTRIC,2026-08-17,307.5,310.3,307.15,308.75,480569
SCHNEIDER_ELECTRIC,2026-08-18,305.15,306.6,294.3,295.1,907529
SCHNEIDER_ELECTRIC,2026-08-19,295.3,299.85,292.6,294.0,716961
SCHNEIDER_ELECTRIC,2026-08-20,294.8,295.9,291.35,294.3,557235
SCHNEIDER_ELECTRIC,2026-08-21,294.4,299.3,294.2,296.8,522616
SCHNEIDER_ELECTRIC,2026-08-24,295.85,296.7,290.2,291.8,533646
SCHNEIDER_ELECTRIC,2026-08-25,294.65,298.55,294.1,296.25,533996
SCHNEIDER_ELECTRIC,2026-08-26,297.0,301.9,296.75,299.2,572450
SCHNEIDER_ELECTRIC,2026-08-27,300.4,302.9,296.225,297.55,654179
SCHNEIDER_ELECTRIC,2026-08-28,298.0,303.8,298.0,301.75,658116
SCHNEIDER_ELECTRIC,2026-08-31,301.35,301.9,294.6,294.6,1216224
SCHNEIDER_ELECTRIC,2026-09-01,292.7,294.95,287.1,288.2,790066
SCHNEIDER_ELECTRIC,2026-09-02,287.2,290.2,285.5,286.75,603168
SCHNEIDER_ELECTRIC,2026-09-03,285.5,289.45,283.25,287.35,510997
SCHNEIDER_ELECTRIC,2026-09-04,288.35,291.0,286.35,288.0,462863
SCHNEIDER_ELECTRIC,2026-09-07,290.0,296.55,289.9,295.5,479539
SCHNEIDER_ELECTRIC,2026-09-08,290.9,299.6,290.85,299.6,635179
SCHNEIDER_ELECTRIC,2026-09-09,298.05,298.9,288.2,289.7,761010
SCHNEIDER_ELECTRIC,2026-09-10,291.15,292.7,284.95,287.4,656398
SOCIETE_GENERALE,2026-07-31,81.37,82.89,80.63,81.31,2022436
SOCIETE_GENERALE,2026-08-03,82.37,83.52,82.37,83.09,1549198
SOCIETE_GENERALE,2026-08-04,83.49,83.89,81.92,83.0,1921306
SOCIETE_GENERALE,2026-08-05,83.07,83.89,82.78,83.8,1493410
SOCIETE_GENERALE,2026-08-06,84.05,84.82,84.05,84.23,1245222
SOCIETE_GENERALE,2026-08-07,84.37,84.48,83.42,83.92,1203864
SOCIETE_GENERALE,2026-08-10,83.59,84.15,82.95,84.0,1128168
SOCIETE_GENERALE,2026-08-11,84.11,84.43,83.43,83.62,1257019
SOCIETE_GENERALE,2026-08-12,83.93,84.1,83.12,83.12,1323355
SOCIETE_GENERALE,2026-08-13,83.73,84.25,82.73,82.87,1179052
SOCIETE_GENERALE,2026-08-14,82.93,82.97,82.18,82.36,1190738
SOCIETE_GENERALE,2026-08-17,82.5,83.14,82.14,82.14,1010958
SOCIETE_GENERALE,2026-08-18,82.3,82.74,80.05,80.05,1885446
SOCIETE_GENERALE,2026-08-19,80.08,80.22,76.93,77.02,2426309
SOCIETE_GENERALE,2026-08-20,77.04,77.52,76.15,76.4,1797969
SOCIETE_GENERALE,2026-08-21,75.88,76.56,75.16,76.12,1884911
SOCIETE_GENERALE,2026-08-24,75.92,76.55,75.34,75.64,1370142
SOCIETE_GENERALE,2026-08-25,76.03,76.45,74.8,75.02,1829604
SOCIETE_GENERALE,2026-08-26,75.63,75.84,74.27,74.76,1580462
SOCIETE_GENERALE,2026-08-27,75.0,75.45,70.29,71.03,4488860
SOCIETE_GENERALE,2026-08-28,71.91,72.69,71.39,72.35,2424115
SOCIETE_GENERALE,2026-08-31,72.57,73.6,72.51,72.65,2585866
SOCIETE_GENERALE,2026-09-01,72.66,73.59,71.81,73.29,2139629
SOCIETE_GENERALE,2026-09-02,72.0,73.18,71.59,72.51,2157866
SOCIETE_GENERALE,2026-09-03,72.73,74.38,72.38,74.38,1756610
SOCIETE_GENERALE,2026-09-04,74.13,74.33,73.13,74.18,2012641
SOCIETE_GENERALE,2026-09-07,74.49,75.28,74.35,75.07,869662
SOCIETE_GENERALE,2026-09-08,73.58,74.34,72.72,74.34,1710677
SOCIETE_GENERALE,2026-09-09,73.53,74.38,72.91,73.49,2592133
SOCIETE_GENERALE,2026-09-10,73.99,74.8,73.65,73.88,1508332
STELLANTIS,2026-07-31,5.1,5.215,4.959,4.9705,9217082
STELLANTIS,2026-08-03,5.01,5.155,4.9235,4.9405,8896540
STELLANTIS,2026-08-04,4.9235,5.026,4.86,4.9975,5755055
STELLANTIS,2026-08-05,5.122,5.165,4.906,4.906,4965680
STELLANTIS,2026-08-06,4.9105,4.946,4.8395,4.8705,3881052
STELLANTIS,2026-08-07,4.8,4.8345,4.6875,4.7965,9658494
STELLANTIS,2026-08-10,4.7985,4.881,4.754,4.8805,3871983
STELLANTIS,2026-08-11,4.8495,4.86,4.7135,4.7505,4819936
STELLANTIS,2026-08-12,4.75,4.789,4.606,4.631,6704553
STELLANTIS,2026-08-13,4.677,4.77,4.63,4.63,6657327
STELLANTIS,2026-08-14,4.652,4.7025,4.61,4.61,3891369
STELLANTIS,2026-08-17,4.639,4.6675,4.418,4.4245,6759381
STELLANTIS,2026-08-18,4.4205,4.485,4.384,4.384,5529703
STELLANTIS,2026-08-19,4.3785,4.69,4.375,4.64,8615227
STELLANTIS,2026-08-20,4.68,4.7605,4.382,4.461,8079412
STELLANTIS,2026-08-21,4.505,4.6755,4.496,4.649,6131532
STELLANTIS,2026-08-24,4.57,4.57,4.43,4.43,7165590
STELLANTIS,2026-08-25,4.469,4.492,4.3815,4.4875,6188638
STELLANTIS,2026-08-26,4.516,4.542,4.4435,4.465,3551473
STELLANTIS,2026-08-27,4.44,4.5885,4.415,4.573,4568338
STELLANTIS,2026-08-28,4.581,4.717,4.56,4.681,4772108
STELLANTIS,2026-08-31,4.68,4.795,4.665,4.7605,3968239
STELLANTIS,2026-09-01,4.74,4.81,4.5895,4.6365,5601699
STELLANTIS,2026-09-02,4.6085,4.611,4.476,4.512,4248923
STELLANTIS,2026-09-03,4.538,4.711,4.5055,4.705,3039506
STELLANTIS,2026-09-04,4.704,4.81,4.6955,4.78,5025491
STELLANTIS,2026-09-07,4.7705,4.871,4.7695,4.803,2732308
STELLANTIS,2026-09-08,4.765,4.828,4.6455,4.668,2715689
STELLANTIS,2026-09-09,4.668,4.724,4.5505,4.57,3460678
STELLANTIS,2026-09-10,4.5815,4.621,4.492,4.5375,2673422
STMICROELECTRONICS,2026-07-31,47.995,48.16,45.44,45.675,4522423
STMICROELECTRONICS,2026-08-03,46.2,46.3,44.025,45.27,3175327
STMICROELECTRONICS,2026-08-04,46.28,47.625,46.075,46.89,3340245
STMICROELECTRONICS,2026-08-05,47.365,47.375,45.735,46.165,2709386
STMICROELECTRONICS,2026-08-06,45.61,47.34,45.2,46.785,2184395
STMICROELECTRONICS,2026-08-07,46.565,48.53,46.485,48.265,2397208
STMICROELECTRONICS,2026-08-10,48.6,49.59,47.805,47.805,1980315
STMICROELECTRONICS,2026-08-11,47.3,48.565,47.2,47.755,1839302
STMICROELECTRONICS,2026-08-12,48.4,49.205,47.965,48.035,3389161
STMICROELECTRONICS,2026-08-13,47.915,47.97,46.94,47.665,2301624
STMICROELECTRONICS,2026-08-14,47.0,47.595,46.63,46.655,1729224
STMICROELECTRONICS,2026-08-17,48.545,49.09,47.905,49.06,2860888
STMICROELECTRONICS,2026-08-18,47.705,47.72,45.185,45.31,3433104
STMICROELECTRONICS,2026-08-19,45.36,45.61,43.735,43.89,3179817
STMICROELECTRONICS,2026-08-20,43.995,44.08,42.6,42.99,2374512
STMICROELECTRONICS,2026-08-21,43.625,43.845,42.79,43.08,1504689
STMICROELECTRONICS,2026-08-24,42.83,43.29,41.985,42.22,1915457
STMICROELECTRONICS,2026-08-25,43.285,43.32,42.175,42.555,1652787
STMICROELECTRONICS,2026-08-26,42.455,43.04,42.115,42.32,1620244
STMICROELECTRONICS,2026-08-27,43.465,44.535,43.225,43.585,2729339
STMICROELECTRONICS,2026-08-28,43.945,44.155,43.165,43.36,1500143
STMICROELECTRONICS,2026-08-31,43.035,43.94,42.99,43.015,2724978
STMICROELECTRONICS,2026-09-01,43.485,44.155,41.83,42.305,2192052
STMICROELECTRONICS,2026-09-02,42.52,43.935,42.43,43.72,1790061
STMICROELECTRONICS,2026-09-03,43.82,44.595,43.035,44.025,2169587
STMICROELECTRONICS,2026-09-04,44.39,45.36,44.215,44.805,2302789
STMICROELECTRONICS,2026-09-07,45.7,46.72,45.605,46.635,1709832
STMICROELECTRONICS,2026-09-08,46.075,46.4,44.735,45.005,2164705
STMICROELECTRONICS,2026-09-09,45.21,45.3,43.71,44.625,2038842
STMICROELECTRONICS,2026-09-10,44.56,45.035,43.09,43.64,2876133
THALES,2026-07-31,245.7,251.3,244.6,245.9,261357
THALES,2026-08-03,248.5,255.5,248.3,253.8,200490
THALES,2026-08-04,256.0,262.4,256.0,262.4,276257
THALES,2026-08-05,263.0,266.9,261.1,261.7,242437
THALES,2026-08-06,261.0,268.2,260.5,264.6,268193
THALES,2026-08-07,265.5,270.4,264.8,264.8,180263
THALES,2026-08-10,266.0,268.5,263.3,267.4,136429
THALES,2026-08-11,269.9,271.0,267.0,267.8,277976
THALES,2026-08-12,268.5,271.9,268.1,271.9,186580
THALES,2026-08-13,273.0,274.2,268.6,268.6,218271
THALES,2026-08-14,270.0,273.7,269.8,270.4,161809
THALES,2026-08-17,269.5,270.7,266.9,266.9,185324
THALES,2026-08-18,266.2,268.5,263.8,266.0,223841
THALES,2026-08-19,265.5,267.0,259.6,259.8,210435
THALES,2026-08-20,259.3,259.4,256.1,256.1,284768
THALES,2026-08-21,254.0,254.8,251.8,253.1,177912
THALES,2026-08-24,252.5,254.5,248.9,251.0,169999
THALES,2026-08-25,252.5,253.3,249.3,250.0,142728
THALES,2026-08-26,249.0,251.4,246.6,249.8,168583
THALES,2026-08-27,250.5,251.2,245.4,246.7,241836
THALES,2026-08-28,248.0,248.4,244.7,244.7,182257
THALES,2026-08-31,244.6,245.5,243.2,243.7,390553
THALES,2026-09-01,243.6,243.6,237.1,238.6,225301
THALES,2026-09-02,239.3,239.7,236.4,237.1,151031
THALES,2026-09-03,237.0,237.0,233.0,234.7,183359
THALES,2026-09-04,234.5,236.1,232.3,233.6,193826
THALES,2026-09-07,233.6,235.8,231.1,231.5,192997
THALES,2026-09-08,231.1,233.5,229.8,232.7,194044
THALES,2026-09-09,230.7,230.7,224.9,225.7,282709
THALES,2026-09-10,226.8,227.2,223.05,225.1,286504
TOTALENERGIES,2026-07-13,69.82,70.46,69.41,70.42,2410906
TOTALENERGIES,2026-07-14,71.6,72.04,70.76,71.2,3187988
TOTALENERGIES,2026-07-15,71.06,71.49,70.5,70.64,3592007
TOTALENERGIES,2026-07-16,69.7,69.72,68.57,69.59,3793921
TOTALENERGIES,2026-07-17,69.4,70.72,69.38,70.51,3832443
TOTALENERGIES,2026-07-20,71.46,71.9,70.25,71.14,3812462
TOTALENERGIES,2026-07-21,71.9,72.81,71.83,72.81,3925821
TOTALENERGIES,2026-07-22,73.56,74.84,73.36,74.29,4805659
TOTALENERGIES,2026-07-23,74.92,76.68,74.53,76.18,5177504
TOTALENERGIES,2026-07-24,76.48,76.62,75.39,75.9,3383133
TOTALENERGIES,2026-07-27,73.44,74.86,72.44,74.38,4229671
TOTALENERGIES,2026-07-28,74,74.93,73.75,73.78,3856495
TOTALENERGIES,2026-07-29,74.8,76.08,74.59,75.83,2930345
TOTALENERGIES,2026-07-30,75.8,76.19,75.03,75.57,2408507
TOTALENERGIES,2026-07-31,75.15,76.42,75.09,76.42,3448606
TOTALENERGIES,2026-08-03,74.78,76.47,74.34,76.43,3525963
TOTALENERGIES,2026-08-04,75.99,76.78,73.68,74.25,3664181
TOTALENERGIES,2026-08-05,73.75,75.31,73.57,73.8,2835591
TOTALENERGIES,2026-08-06,74.39,74.89,74.07,74.54,2667872
TOTALENERGIES,2026-08-07,74.98,75.4,73.77,74.09,3005329
TOTALENERGIES,2026-08-10,74.16,75.54,74.05,75.54,2149042
TOTALENERGIES,2026-08-11,76.32,76.98,76.13,76.59,2659426
TOTALENERGIES,2026-08-12,76.24,76.55,75.02,75.53,2905829
TOTALENERGIES,2026-08-13,76,76.31,74.34,75.41,2760863
TOTALENERGIES,2026-08-14,75.52,76.15,75.2,75.78,2433930
TOTALENERGIES,2026-08-17,75.85,76.34,75.62,75.93,2255792
TOTALENERGIES,2026-08-18,76.8,77.86,76.6,76.9,3168990
TOTALENERGIES,2026-08-19,77.4,78.32,77.22,77.66,3180835
TOTALENERGIES,2026-08-20,77.44,78.88,77.26,78.32,3049197
TOTALENERGIES,2026-08-21,78,78.35,77.32,77.44,3691016
TOTALENERGIES,2026-08-24,77.2,77.25,75.94,75.98,2712191
TOTALENERGIES,2026-08-25,76.2,76.46,75.4,75.7,3123780
TOTALENERGIES,2026-08-26,75.2,75.4,74.25,75.28,4254309
TOTALENERGIES,2026-08-27,74.65,75.21,74.05,74.17,2497492
TOTALENERGIES,2026-08-28,74.84,75.01,74.43,74.67,2508613
TOTALENERGIES,2026-08-31,75.61,76.52,75.51,75.53,7174616
TOTALENERGIES,2026-09-01,76.36,77.7,76.28,77.61,3785804
TOTALENERGIES,2026-09-02,78.38,78.57,77.18,78.3,3955126
TOTALENERGIES,2026-09-03,78.1,78.38,77.44,78.02,3810215
TOTALENERGIES,2026-09-04,76.68,77.22,75.36,76.1,4218784
TOTALENERGIES,2026-09-07,76.52,77.58,76.52,77.3,2167486
TOTALENERGIES,2026-09-08,77.95,78.19,76.92,77.75,2056948
TOTALENERGIES,2026-09-09,78.2,78.88,78.08,78.21,4225636
TOTALENERGIES,2026-09-10,78.8,79.22,78.16,78.38,3502416
UNIBAIL_RODAMCO_WESTFIELD,2026-07-13,102.25,102.7,101.95,102.2,131472
UNIBAIL_RODAMCO_WESTFIELD,2026-07-14,101.5,102.65,100.85,102.55,138811
UNIBAIL_RODAMCO_WESTFIELD,2026-07-15,102.45,103.4,101.5,103.15,235242
UNIBAIL_RODAMCO_WESTFIELD,2026-07-16,103.05,103.55,102.15,103.55,136828
UNIBAIL_RODAMCO_WESTFIELD,2026-07-17,103.8,104.3,103.1,103.65,178920
UNIBAIL_RODAMCO_WESTFIELD,2026-07-20,103,104.7,102.9,104.25,245760
UNIBAIL_RODAMCO_WESTFIELD,2026-07-21,104,104.3,103.1,103.8,180401
UNIBAIL_RODAMCO_WESTFIELD,2026-07-22,103.85,105.25,103.35,104.6,257475
UNIBAIL_RODAMCO_WESTFIELD,2026-07-23,104.95,105.05,104.1,104.7,226624
UNIBAIL_RODAMCO_WESTFIELD,2026-07-24,104.5,104.9,103.75,104.85,173909
UNIBAIL_RODAMCO_WESTFIELD,2026-07-27,105.6,105.9,105.2,105.2,161214
UNIBAIL_RODAMCO_WESTFIELD,2026-07-28,105.8,105.85,105.35,105.8,204367
UNIBAIL_RODAMCO_WESTFIELD,2026-07-29,105.75,105.95,104.65,105.25,182016
UNIBAIL_RODAMCO_WESTFIELD,2026-07-30,104.5,106.1,103.95,104.5,271889
UNIBAIL_RODAMCO_WESTFIELD,2026-07-31,105.5,106.15,104.85,105.3,282332
UNIBAIL_RODAMCO_WESTFIELD,2026-08-03,105.55,106.2,104.6,105.15,235990
UNIBAIL_RODAMCO_WESTFIELD,2026-08-04,104.8,105.9,104.7,105.9,176560
UNIBAIL_RODAMCO_WESTFIELD,2026-08-05,105.75,105.75,104.15,104.4,207026
UNIBAIL_RODAMCO_WESTFIELD,2026-08-06,104.8,105.4,104.15,104.15,154495
UNIBAIL_RODAMCO_WESTFIELD,2026-08-07,103.9,104.65,103,104.3,180951
UNIBAIL_RODAMCO_WESTFIELD,2026-08-10,104.1,104.2,103.15,103.65,122174
UNIBAIL_RODAMCO_WESTFIELD,2026-08-11,103.3,103.75,102.95,103.45,98314
UNIBAIL_RODAMCO_WESTFIELD,2026-08-12,103.75,104.05,103,103.4,155432
UNIBAIL_RODAMCO_WESTFIELD,2026-08-13,103.85,104.15,103.25,103.4,166617
UNIBAIL_RODAMCO_WESTFIELD,2026-08-14,103.2,103.5,102.55,103.5,145359
UNIBAIL_RODAMCO_WESTFIELD,2026-08-17,103.15,103.25,102.85,103.2,161553
UNIBAIL_RODAMCO_WESTFIELD,2026-08-18,102.7,103.1,101.6,101.6,313671
UNIBAIL_RODAMCO_WESTFIELD,2026-08-19,101.3,102.75,101.3,102.65,208631
UNIBAIL_RODAMCO_WESTFIELD,2026-08-20,102.85,103.3,102.5,103.05,243014
UNIBAIL_RODAMCO_WESTFIELD,2026-08-21,103.15,103.3,102.65,103.05,400770
UNIBAIL_RODAMCO_WESTFIELD,2026-08-24,103.2,103.7,102.1,103,185035
UNIBAIL_RODAMCO_WESTFIELD,2026-08-25,103.3,103.7,102.85,103,131280
UNIBAIL_RODAMCO_WESTFIELD,2026-08-26,103.65,103.75,102.15,102.25,164585
UNIBAIL_RODAMCO_WESTFIELD,2026-08-27,101.85,102.1,98.74,99.22,397164
UNIBAIL_RODAMCO_WESTFIELD,2026-08-28,99.4,99.8,98.34,98.96,224252
UNIBAIL_RODAMCO_WESTFIELD,2026-08-31,98.8,98.86,97.32,97.44,579748
UNIBAIL_RODAMCO_WESTFIELD,2026-09-01,97.4,97.92,96.42,96.92,393724
UNIBAIL_RODAMCO_WESTFIELD,2026-09-02,96.9,97.08,96.08,96.62,266495
UNIBAIL_RODAMCO_WESTFIELD,2026-09-03,96.7,96.88,95.62,96.88,218736
UNIBAIL_RODAMCO_WESTFIELD,2026-09-04,97,97.2,96.28,97.14,197071
UNIBAIL_RODAMCO_WESTFIELD,2026-09-07,96.38,96.9,95.54,95.64,247780
UNIBAIL_RODAMCO_WESTFIELD,2026-09-08,95.46,95.54,94.28,94.82,343042
UNIBAIL_RODAMCO_WESTFIELD,2026-09-09,94.04,94.4,93.34,93.84,337633
UNIBAIL_RODAMCO_WESTFIELD,2026-09-10,93.66,93.96,92.68,93.02,314188
VEOLIA,2026-07-13,36.23,36.95,36.23,36.95,1806538
VEOLIA,2026-07-14,36.97,37.66,36.9,37.46,1333083
VEOLIA,2026-07-15,37.38,37.61,37.3,37.52,1403999
VEOLIA,2026-07-16,37.39,37.46,36.76,37.22,1259660
VEOLIA,2026-07-17,37.3,37.6,37.23,37.51,1603140
VEOLIA,2026-07-20,37.36,37.57,37.18,37.18,1547104
VEOLIA,2026-07-21,37.05,37.3,36.41,36.58,1312082
VEOLIA,2026-07-22,36.74,37.33,36.61,37.25,1256960
VEOLIA,2026-07-23,37.28,37.29,36.64,36.78,1264450
VEOLIA,2026-07-24,36.84,37.07,36.59,36.59,1645587
VEOLIA,2026-07-27,36.95,37.06,36.05,36.05,1605070
VEOLIA,2026-07-28,35.58,35.93,35.31,35.68,1809996
VEOLIA,2026-07-29,35.75,35.9,34.98,35.15,1825643
VEOLIA,2026-07-30,35.49,36.49,35.33,35.8,1919838
VEOLIA,2026-07-31,35.74,36.02,34.47,34.47,3106657
VEOLIA,2026-08-03,34.56,34.83,34.16,34.3,2342756
VEOLIA,2026-08-04,34.5,35.04,34.4,34.98,1647998
VEOLIA,2026-08-05,35.2,35.63,35.16,35.29,1327616
VEOLIA,2026-08-06,35.47,35.47,35.06,35.07,1295012
VEOLIA,2026-08-07,35.15,35.31,34.79,35.19,1279800
VEOLIA,2026-08-10,35.22,35.22,34.57,34.57,1265340
VEOLIA,2026-08-11,34.62,34.66,34.34,34.41,849100
VEOLIA,2026-08-12,34.65,34.67,34.32,34.47,1259788
VEOLIA,2026-08-13,34.44,34.49,34.19,34.22,1011495
VEOLIA,2026-08-14,34.24,34.28,33.75,34.03,1270828
VEOLIA,2026-08-17,34.16,34.16,33.75,33.84,1077418
VEOLIA,2026-08-18,33.9,33.96,33.71,33.84,991070
VEOLIA,2026-08-19,34.06,34.29,33.95,34.07,1060817
VEOLIA,2026-08-20,34.36,34.55,33.97,34.28,1362846
VEOLIA,2026-08-21,34.36,34.59,34.09,34.09,1827440
VEOLIA,2026-08-24,34.11,34.25,33.92,34.03,783901
VEOLIA,2026-08-25,34.12,34.22,33.95,34.05,825144
VEOLIA,2026-08-26,34.11,34.25,33.91,33.91,997877
VEOLIA,2026-08-27,33.9,33.9,32.46,32.58,2701118
VEOLIA,2026-08-28,32.75,33.05,32.7,32.85,1227835
VEOLIA,2026-08-31,32.84,33.03,32.6,32.6,1784007
VEOLIA,2026-09-01,32.8,32.87,32.34,32.56,1509368
VEOLIA,2026-09-02,32.44,32.62,31.86,31.88,1285405
VEOLIA,2026-09-03,32.07,32.08,31.54,31.81,2178974
VEOLIA,2026-09-04,31.69,32.04,31.66,31.9,1721333
VEOLIA,2026-09-07,31.87,32.1,31.85,31.91,1091570
VEOLIA,2026-09-08,31.86,31.98,31.72,31.95,1298107
VEOLIA,2026-09-09,32.06,32.61,31.55,31.56,2275696
VEOLIA,2026-09-10,31.6,31.81,31.25,31.44,1533237
VINCI,2026-07-13,118.35,119.45,118.25,119.35,578595
VINCI,2026-07-14,118.55,119.45,118.05,119.4,578281
VINCI,2026-07-15,118.95,120.25,118.5,119.65,545843
VINCI,2026-07-16,120,120.4,118.65,120.2,563898
VINCI,2026-07-17,121.5,121.5,117.1,117.95,962221
VINCI,2026-07-20,118.2,120.05,117.55,118.25,601772
VINCI,2026-07-21,118,119.35,117.75,118.45,624683
VINCI,2026-07-22,118.5,119.8,118.3,119.25,613517
VINCI,2026-07-23,119.3,119.45,117.4,118,815741
VINCI,2026-07-24,118.25,119,117.65,118.35,534440
VINCI,2026-07-27,118.85,119.7,117.25,117.9,738941
VINCI,2026-07-28,119.15,119.75,118.2,118.8,605176
VINCI,2026-07-29,118.6,119.08,117.65,118.3,761390
VINCI,2026-07-30,123.15,124.9,122.33,123.85,1219944
VINCI,2026-07-31,123.1,124,121.95,122.55,955100
VINCI,2026-08-03,124.4,126.25,124.25,125.1,894964
VINCI,2026-08-04,126.2,126.8,124.55,126.8,1042527
VINCI,2026-08-05,127,127.1,125.2,125.8,936779
VINCI,2026-08-06,126.45,127.75,125.45,126.6,1163109
VINCI,2026-08-07,126.5,126.75,125.25,125.35,906920
VINCI,2026-08-10,125.6,125.9,124.2,124.5,707001
VINCI,2026-08-11,124.5,124.9,123.3,123.3,663000
VINCI,2026-08-12,124.2,124.8,123.2,123.3,619506
VINCI,2026-08-13,123.55,123.65,121,121.95,770279
VINCI,2026-08-14,121.95,122.1,120.8,120.85,691913
VINCI,2026-08-17,121.15,121.5,119.65,119.95,553080
VINCI,2026-08-18,119.9,120.4,119.2,119.4,684470
VINCI,2026-08-19,119.9,121.2,119.9,120.35,861046
VINCI,2026-08-20,120.75,121.45,118.75,119.4,929022
VINCI,2026-08-21,120.05,120.8,119.15,119.3,730077
VINCI,2026-08-24,119.35,119.6,118.4,118.65,781372
VINCI,2026-08-25,119.2,119.95,119.05,119.6,710361
VINCI,2026-08-26,119.6,120.7,119.5,119.5,706542
VINCI,2026-08-27,119.35,119.35,114.5,114.85,1362429
VINCI,2026-08-28,115.4,116.15,113.6,114.35,868163
VINCI,2026-08-31,114.7,115.1,113.15,113.15,1726904
VINCI,2026-09-01,113.5,114.15,112.85,114.1,818949
VINCI,2026-09-02,113.7,114.25,111.6,111.6,990699
VINCI,2026-09-03,111.85,113.25,111.63,113.15,676700
VINCI,2026-09-04,112.45,114.45,111.85,113.95,766326
VINCI,2026-09-07,113.6,114.2,113.3,113.6,500534
VINCI,2026-09-08,113.75,114.5,113.55,114.5,681873
VINCI,2026-09-09,113.6,114.3,111.8,111.8,825805
VINCI,2026-09-10,111.8,112.5,110.3,110.55,734353
ARCELORMITTAL,2026-09-10,65.94,66.34,64.07,64.68,1430472
ACCOR,2026-09-11,45.94,46.41,45.77,46.07,548614
AIR_LIQUIDE,2026-09-11,167.3,168.5,166.52,166.52,510612
AIRBUS,2026-09-11,197.86,199.52,197.42,199.4,966047
AXA,2026-09-11,43.39,43.54,43.15,43.19,2242223
BNP_PARIBAS,2026-09-11,103.4,103.92,102.68,103.76,1353242
BOUYGUES,2026-09-11,43.98,44.26,43.73,43.98,689821
BUREAU_VERITAS,2026-09-11,27.84,27.95,27.7,27.82,863690
CAPGEMINI,2026-09-11,101.45,103.0,100.65,102.9,442136
CARREFOUR,2026-09-11,16.5,16.59,16.225,16.27,1711466
CREDIT_AGRICOLE_SA,2026-09-11,18.57,18.745,18.51,18.625,2711671
DANONE,2026-09-11,61.88,62.24,61.38,61.38,914872
DASSAULT_SYSTEMES,2026-09-11,20.29,20.38,19.93,20.24,1370065
EIFFAGE,2026-09-11,106.85,107.7,106.55,107.4,405380
ENGIE,2026-09-11,24.4,24.42,23.85,23.98,3325558
ESSILORLUXOTTICA,2026-09-11,146.3,148.25,145.8,146.4,645110
EUROFINS_SCIENTIFIC,2026-09-11,70.9,71.54,70.7,70.7,571619
EURONEXT,2026-09-11,160.0,160.5,158.2,158.2,156779
HERMES_INTL,2026-09-11,1409.0,1428.0,1395.0,1399.5,85297
KERING,2026-09-11,235.5,242.75,235.1,238.6,290231
L'OREAL,2026-09-11,376.1,383.95,375.55,379.85,298702
LEGRAND,2026-09-11,139.7,142.25,138.55,141.85,510344
LVMH,2026-09-11,408.0,420.05,407.6,415.3,732099
MICHELIN,2026-09-11,33.55,33.86,33.23,33.46,1117198
ORANGE,2026-09-11,15.52,15.685,15.475,15.545,3275763
PERNOD_RICARD,2026-09-11,59.5,60.36,59.38,59.42,469576
PUBLICIS_GROUPE,2026-09-11,97.5,97.66,96.4,96.8,473764
RENAULT,2026-09-11,29.18,29.58,28.84,29.58,1431752
SAFRAN,2026-09-11,325.0,332.2,324.1,330.2,422730
SAINT_GOBAIN,2026-09-11,71.9,72.02,70.48,71.52,1205584
SANOFI,2026-09-11,73.7,74.02,73.22,73.26,1432941
SCHNEIDER_ELECTRIC,2026-09-11,290.0,292.2,287.0,291.1,565820
SOCIETE_GENERALE,2026-09-11,74.24,74.99,74.17,74.72,1413827
STELLANTIS,2026-09-11,4.58,4.695,4.5235,4.678,4197102
STMICROELECTRONICS,2026-09-11,43.76,44.695,43.72,44.675,1739660
THALES,2026-09-11,225.2,227.0,223.8,226.8,318571
TOTALENERGIES,2026-09-11,78.61,79.11,77.84,78.77,2447376
UNIBAIL_RODAMCO_WESTFIELD,2026-09-11,93.46,93.48,92.5,92.9,241286
VEOLIA,2026-09-11,31.55,31.7,31.31,31.44,1854570
VINCI,2026-09-11,110.9,111.95,110.8,111.45,825379
